{"stats":{"minecraft:crafted":{"minecraft:bow":1,"minecraft:shield":1,"minecraft:crafting_table":1,"minecraft:stick":12,"minecraft:iron_pickaxe":1,"minecraft:iron_ingot":3,"minecraft:wooden_pickaxe":1,"minecraft:stone_pickaxe":1,"minecraft:stone_sword":1,"minecraft:furnace":1,"minecraft:stone_axe":1,"minecraft:cooked_mutton":1,"minecraft:air":0,"minecraft:jungle_planks":32},"minecraft:killed":{"minecraft:sheep":3,"minecraft:cave_spider":1,"minecraft:zombie":5,"minecraft:pig":2},"minecraft:dropped":{"minecraft:wheat_seeds":1},"minecraft:mined":{"minecraft:dark_oak_planks":2,"minecraft:red_terracotta":1,"minecraft:furnace":1,"minecraft:iron_ore":7,"minecraft:crafting_table":3,"minecraft:dark_oak_fence":4,"minecraft:grass":20,"minecraft:coal_ore":21,"minecraft:grass_block":2,"minecraft:jungle_log":8,"minecraft:gravel":3,"minecraft:dirt":13,"minecraft:cobweb":3,"minecraft:terracotta":2,"minecraft:stone":49,"minecraft:gold_ore":14,"minecraft:oak_leaves":2,"minecraft:fern":1},"minecraft:picked_up":{"minecraft:raw_iron":7,"minecraft:crafting_table":3,"minecraft:jungle_log":8,"minecraft:gravel":3,"minecraft:porkchop":4,"minecraft:jungle_planks":18,"minecraft:spider_eye":1,"minecraft:string":4,"minecraft:red_terracotta":1,"minecraft:dirt":15,"minecraft:dark_oak_planks":2,"minecraft:rotten_flesh":6,"minecraft:wheat_seeds":3,"minecraft:raw_gold":12,"minecraft:terracotta":2,"minecraft:dark_oak_fence":5,"minecraft:rail":2,"minecraft:mutton":4,"minecraft:coal":21,"minecraft:white_wool":3,"minecraft:cobblestone":48,"minecraft:furnace":1},"minecraft:custom":{"minecraft:time_since_rest":17716,"minecraft:interact_with_furnace":4,"minecraft:sprint_one_cm":90032,"minecraft:damage_taken":370,"minecraft:walk_one_cm":39865,"minecraft:mob_kills":11,"minecraft:drop":1,"minecraft:damage_dealt":1621,"minecraft:swim_one_cm":4193,"minecraft:interact_with_crafting_table":6,"minecraft:fly_one_cm":48216,"minecraft:crouch_one_cm":7799,"minecraft:play_time":17716,"minecraft:sneak_time":3840,"minecraft:walk_under_water_one_cm":1364,"minecraft:jump":330,"minecraft:walk_on_water_one_cm":2692,"minecraft:time_since_death":17716,"minecraft:total_world_time":17716,"minecraft:climb_one_cm":351,"minecraft:fall_one_cm":10458},"minecraft:used":{"minecraft:cooked_mutton":1,"minecraft:stone_sword":32,"minecraft:stone_pickaxe":72,"minecraft:iron_pickaxe":15,"minecraft:wooden_pickaxe":24,"minecraft:rotten_flesh":5,"minecraft:stone_axe":16,"minecraft:torch":4,"minecraft:cobblestone":1,"minecraft:mutton":3,"minecraft:crafting_table":3,"minecraft:furnace":1,"minecraft:porkchop":4}},"DataVersion":3465}