{"stats":{"minecraft:crafted":{"minecraft:oak_planks":76,"minecraft:cooked_chicken":3,"minecraft:furnace":2,"minecraft:cooked_mutton":13,"minecraft:warped_planks":4,"minecraft:iron_boots":1,"minecraft:stone_pickaxe":1,"minecraft:chest":2,"minecraft:stone_hoe":1,"minecraft:golden_sword":1,"minecraft:wheat":744,"minecraft:cooked_beef":10,"minecraft:cooked_porkchop":12,"minecraft:crafting_table":1,"minecraft:wooden_pickaxe":1,"minecraft:iron_helmet":1,"minecraft:iron_sword":1,"minecraft:stone_axe":2,"minecraft:bread":249,"minecraft:air":0,"minecraft:iron_chestplate":1,"minecraft:shield":1,"minecraft:stick":16,"minecraft:iron_pickaxe":1,"minecraft:iron_ingot":28,"minecraft:stone_sword":1,"minecraft:iron_leggings":1,"minecraft:gold_ingot":2,"minecraft:white_bed":2,"minecraft:acacia_planks":24},"minecraft:killed":{"minecraft:spider":6,"minecraft:skeleton":12,"minecraft:chicken":4,"minecraft:pig":4,"minecraft:iron_golem":1,"minecraft:creeper":3,"minecraft:sheep":18,"minecraft:pillager":2,"minecraft:zombie":19,"minecraft:enderman":3,"minecraft:cow":19},"minecraft:killed_by":{"minecraft:player":1,"minecraft:skeleton":1,"minecraft:zombie":1},"minecraft:mined":{"minecraft:white_bed":4,"minecraft:brewing_stand":1,"minecraft:acacia_log":3,"minecraft:grass_block":13,"minecraft:hay_block":83,"minecraft:furnace":1,"minecraft:iron_ore":21,"minecraft:fire":10,"minecraft:andesite":3,"minecraft:pumpkin":7,"minecraft:warped_stem":1,"minecraft:stone":51,"minecraft:acacia_leaves":1,"minecraft:dandelion":1,"minecraft:crafting_table":9,"minecraft:blast_furnace":2,"minecraft:warped_roots":5,"minecraft:cobblestone":1,"minecraft:tall_grass":45,"minecraft:lapis_ore":8,"minecraft:oak_planks":7,"minecraft:diorite":6,"minecraft:warped_planks":1,"minecraft:wheat":1,"minecraft:light_gray_wool":1,"minecraft:grass":262,"minecraft:oak_log":89,"minecraft:coal_ore":15,"minecraft:gravel":2,"minecraft:dirt":21,"minecraft:oak_leaves":22},"minecraft:dropped":{"minecraft:stone_hoe":1,"minecraft:bread":64,"minecraft:acacia_boat":1,"minecraft:iron_sword":1,"minecraft:porkchop":2,"minecraft:wheat_seeds":36,"minecraft:oak_log":5,"minecraft:feather":2,"minecraft:cobblestone":86,"minecraft:leather":1,"minecraft:grass_block":2,"minecraft:flint":1,"minecraft:stick":10,"minecraft:dirt":69,"minecraft:diorite":8,"minecraft:pumpkin":7,"minecraft:string":7,"minecraft:white_wool":7,"minecraft:acacia_planks":1,"minecraft:bone":6,"minecraft:gravel":1,"minecraft:furnace":1,"minecraft:stone_axe":1,"minecraft:cooked_chicken":1,"minecraft:golden_chestplate":1,"minecraft:stone_sword":2,"minecraft:rotten_flesh":3,"minecraft:light_gray_wool":1,"minecraft:oak_planks":32,"minecraft:cooked_mutton":7,"minecraft:gunpowder":2,"minecraft:peony":1,"minecraft:andesite":1,"minecraft:oak_sapling":3,"minecraft:acacia_sapling":9,"minecraft:golden_sword":2,"minecraft:spider_eye":2,"minecraft:stone_pickaxe":2},"minecraft:broken":{"minecraft:stone_sword":1,"minecraft:stone_axe":1},"minecraft:picked_up":{"minecraft:crafting_table":9,"minecraft:coarse_dirt":13,"minecraft:wheat":3,"minecraft:chicken":4,"minecraft:wooden_pickaxe":4,"minecraft:brewing_stand":1,"minecraft:shield":1,"minecraft:golden_sword":1,"minecraft:string":15,"minecraft:raw_copper":22,"minecraft:beef":32,"minecraft:light_gray_wool":2,"minecraft:sugar_cane":16,"minecraft:furnace":1,"minecraft:egg":4,"minecraft:stick":26,"minecraft:raw_iron":28,"minecraft:torch":18,"minecraft:acacia_log":8,"minecraft:porkchop":10,"minecraft:diorite":45,"minecraft:warped_planks":1,"minecraft:arrow":16,"minecraft:stone_sword":6,"minecraft:rotten_flesh":25,"minecraft:stone_shovel":1,"minecraft:peony":1,"minecraft:hay_block":83,"minecraft:mutton":25,"minecraft:cobblestone":209,"minecraft:white_wool":14,"minecraft:feather":2,"minecraft:andesite":4,"minecraft:leather":26,"minecraft:flint":1,"minecraft:oak_log":103,"minecraft:gunpowder":3,"minecraft:acacia_boat":2,"minecraft:lapis_lazuli":61,"minecraft:dirt":198,"minecraft:white_banner":1,"minecraft:bone":15,"minecraft:acacia_planks":52,"minecraft:apple":1,"minecraft:wheat_seeds":54,"minecraft:warped_stem":1,"minecraft:iron_ingot":6,"minecraft:stone_pickaxe":6,"minecraft:acacia_sapling":14,"minecraft:iron_sword":2,"minecraft:oak_planks":51,"minecraft:cooked_porkchop":3,"minecraft:pumpkin":7,"minecraft:gravel":5,"minecraft:blast_furnace":2,"minecraft:grass_block":7,"minecraft:white_bed":4,"minecraft:spider_eye":2,"minecraft:stone_axe":5,"minecraft:oak_sapling":16,"minecraft:coal":15,"minecraft:ender_pearl":4},"minecraft:custom":{"minecraft:mob_kills":92,"minecraft:interact_with_crafting_table":21,"minecraft:leave_game":6,"minecraft:time_since_death":116517,"minecraft:sprint_one_cm":343950,"minecraft:walk_one_cm":178633,"minecraft:damage_blocked_by_shield":370,"minecraft:drop":72,"minecraft:play_time":129578,"minecraft:deaths":3,"minecraft:sneak_time":11905,"minecraft:walk_under_water_one_cm":9065,"minecraft:jump":3054,"minecraft:interact_with_blast_furnace":13,"minecraft:walk_on_water_one_cm":27499,"minecraft:total_world_time":129578,"minecraft:interact_with_furnace":36,"minecraft:sleep_in_bed":5,"minecraft:time_since_rest":48334,"minecraft:damage_taken":3886,"minecraft:damage_dealt":14288,"minecraft:swim_one_cm":51487,"minecraft:fly_one_cm":587615,"minecraft:player_kills":1,"minecraft:open_chest":11,"minecraft:crouch_one_cm":32891,"minecraft:fall_one_cm":75814},"minecraft:used":{"minecraft:stone_sword":194,"minecraft:flint_and_steel":20,"minecraft:chest":2,"minecraft:shield":5,"minecraft:iron_sword":200,"minecraft:cooked_chicken":2,"minecraft:stone_hoe":59,"minecraft:dirt":9,"minecraft:lava_bucket":2,"minecraft:grass_block":2,"minecraft:light_gray_wool":1,"minecraft:golden_sword":22,"minecraft:furnace":1,"minecraft:egg":4,"minecraft:cooked_beef":6,"minecraft:acacia_planks":1,"minecraft:cooked_mutton":6,"minecraft:water_bucket":25,"minecraft:diorite":37,"minecraft:stone_pickaxe":120,"minecraft:oak_planks":7,"minecraft:wooden_pickaxe":18,"minecraft:crafting_table":10,"minecraft:blast_furnace":2,"minecraft:white_bed":5,"minecraft:warped_planks":5,"minecraft:chicken":1,"minecraft:bread":44,"minecraft:stone_axe":177,"minecraft:cobblestone":21,"minecraft:cooked_porkchop":4,"minecraft:bucket":28,"minecraft:golden_pickaxe":1}},"DataVersion":3465}