{"stats":{"minecraft:broken":{"minecraft:stone_sword":1},"minecraft:dropped":{"minecraft:gravel":1,"minecraft:bread":64,"minecraft:wheat_seeds":23,"minecraft:cooked_chicken":1,"minecraft:golden_chestplate":1,"minecraft:stone_sword":1,"minecraft:feather":2,"minecraft:light_gray_wool":1,"minecraft:cooked_mutton":7,"minecraft:gunpowder":1,"minecraft:acacia_sapling":9,"minecraft:spider_eye":2,"minecraft:string":6,"minecraft:white_wool":7,"minecraft:acacia_planks":1,"minecraft:bone":1},"minecraft:crafted":{"minecraft:cooked_beef":10,"minecraft:oak_planks":40,"minecraft:cooked_porkchop":4,"minecraft:wooden_pickaxe":1,"minecraft:cooked_chicken":3,"minecraft:iron_sword":1,"minecraft:furnace":1,"minecraft:stone_axe":1,"minecraft:bread":249,"minecraft:cooked_mutton":13,"minecraft:air":0,"minecraft:shield":1,"minecraft:stick":8,"minecraft:stone_pickaxe":1,"minecraft:stone_sword":1,"minecraft:gold_ingot":2,"minecraft:white_bed":2,"minecraft:acacia_planks":24,"minecraft:stone_hoe":1,"minecraft:golden_sword":1,"minecraft:wheat":744},"minecraft:picked_up":{"minecraft:crafting_table":8,"minecraft:wheat":3,"minecraft:feather":2,"minecraft:chicken":4,"minecraft:leather":8,"minecraft:wooden_pickaxe":2,"minecraft:oak_log":29,"minecraft:brewing_stand":1,"minecraft:gunpowder":1,"minecraft:dirt":76,"minecraft:string":14,"minecraft:bone":4,"minecraft:acacia_planks":3,"minecraft:wheat_seeds":33,"minecraft:iron_ingot":4,"minecraft:beef":11,"minecraft:stone_pickaxe":3,"minecraft:light_gray_wool":2,"minecraft:acacia_sapling":13,"minecraft:oak_planks":23,"minecraft:egg":3,"minecraft:furnace":1,"minecraft:raw_iron":2,"minecraft:stick":16,"minecraft:acacia_log":8,"minecraft:gravel":4,"minecraft:porkchop":8,"minecraft:blast_furnace":2,"minecraft:white_bed":2,"minecraft:grass_block":5,"minecraft:spider_eye":2,"minecraft:stone_sword":4,"minecraft:arrow":6,"minecraft:rotten_flesh":9,"minecraft:stone_axe":3,"minecraft:hay_block":83,"minecraft:oak_sapling":4,"minecraft:mutton":20,"minecraft:white_wool":13,"minecraft:cobblestone":52,"minecraft:ender_pearl":2},"minecraft:killed_by":{"minecraft:player":1,"minecraft:skeleton":1,"minecraft:zombie":1},"minecraft:killed":{"minecraft:pig":2,"minecraft:spider":4,"minecraft:iron_golem":1,"minecraft:creeper":2,"minecraft:sheep":14,"minecraft:skeleton":2,"minecraft:zombie":7,"minecraft:chicken":4,"minecraft:enderman":2,"minecraft:cow":7},"minecraft:custom":{"minecraft:interact_with_furnace":32,"minecraft:mob_kills":45,"minecraft:interact_with_crafting_table":13,"minecraft:leave_game":1,"minecraft:time_since_death":49543,"minecraft:sleep_in_bed":3,"minecraft:time_since_rest":2227,"minecraft:sprint_one_cm":171849,"minecraft:damage_taken":2008,"minecraft:walk_one_cm":66727,"minecraft:drop":28,"minecraft:damage_dealt":6713,"minecraft:swim_one_cm":27968,"minecraft:fly_one_cm":323562,"minecraft:open_chest":4,"minecraft:crouch_one_cm":13539,"minecraft:play_time":62604,"minecraft:deaths":3,"minecraft:sneak_time":5001,"minecraft:walk_under_water_one_cm":6358,"minecraft:jump":1598,"minecraft:walk_on_water_one_cm":21805,"minecraft:total_world_time":62604,"minecraft:fall_one_cm":37238},"minecraft:used":{"minecraft:cooked_mutton":6,"minecraft:water_bucket":4,"minecraft:stone_sword":194,"minecraft:stone_pickaxe":44,"minecraft:oak_planks":7,"minecraft:wooden_pickaxe":18,"minecraft:iron_sword":8,"minecraft:stone_hoe":59,"minecraft:cooked_chicken":2,"minecraft:dirt":9,"minecraft:crafting_table":7,"minecraft:white_bed":3,"minecraft:chicken":1,"minecraft:bread":4,"minecraft:golden_sword":22,"minecraft:light_gray_wool":1,"minecraft:stone_axe":68,"minecraft:cobblestone":10,"minecraft:furnace":1,"minecraft:cooked_porkchop":4,"minecraft:bucket":5,"minecraft:egg":3,"minecraft:cooked_beef":5,"minecraft:acacia_planks":1},"minecraft:mined":{"minecraft:acacia_leaves":1,"minecraft:white_bed":2,"minecraft:brewing_stand":1,"minecraft:crafting_table":8,"minecraft:blast_furnace":2,"minecraft:acacia_log":3,"minecraft:grass_block":7,"minecraft:tall_grass":23,"minecraft:oak_planks":7,"minecraft:hay_block":83,"minecraft:furnace":1,"minecraft:iron_ore":2,"minecraft:wheat":1,"minecraft:light_gray_wool":1,"minecraft:grass":148,"minecraft:oak_log":19,"minecraft:dirt":15,"minecraft:stone":35,"minecraft:oak_leaves":5}},"DataVersion":3465}