{"stats":{"minecraft:dropped":{"minecraft:bread":64,"minecraft:acacia_boat":1,"minecraft:wheat_seeds":26,"minecraft:feather":2,"minecraft:grass_block":2,"minecraft:stick":2,"minecraft:dirt":3,"minecraft:string":6,"minecraft:white_wool":7,"minecraft:acacia_planks":1,"minecraft:bone":1,"minecraft:gravel":1,"minecraft:stone_axe":1,"minecraft:cooked_chicken":1,"minecraft:golden_chestplate":1,"minecraft:stone_sword":2,"minecraft:light_gray_wool":1,"minecraft:oak_planks":4,"minecraft:cooked_mutton":7,"minecraft:gunpowder":1,"minecraft:andesite":1,"minecraft:acacia_sapling":9,"minecraft:golden_sword":1,"minecraft:spider_eye":2},"minecraft:picked_up":{"minecraft:crafting_table":8,"minecraft:coarse_dirt":13,"minecraft:wheat":3,"minecraft:chicken":4,"minecraft:wooden_pickaxe":4,"minecraft:brewing_stand":1,"minecraft:golden_sword":1,"minecraft:shield":1,"minecraft:string":14,"minecraft:raw_copper":22,"minecraft:beef":13,"minecraft:light_gray_wool":2,"minecraft:sugar_cane":16,"minecraft:egg":3,"minecraft:furnace":1,"minecraft:stick":16,"minecraft:raw_iron":28,"minecraft:torch":18,"minecraft:acacia_log":8,"minecraft:porkchop":8,"minecraft:diorite":45,"minecraft:stone_sword":6,"minecraft:arrow":11,"minecraft:rotten_flesh":22,"minecraft:stone_shovel":1,"minecraft:hay_block":83,"minecraft:mutton":20,"minecraft:cobblestone":206,"minecraft:white_wool":14,"minecraft:feather":2,"minecraft:andesite":4,"minecraft:leather":15,"minecraft:oak_log":29,"minecraft:gunpowder":3,"minecraft:acacia_boat":2,"minecraft:lapis_lazuli":61,"minecraft:dirt":197,"minecraft:bone":10,"minecraft:acacia_planks":52,"minecraft:wheat_seeds":44,"minecraft:iron_ingot":6,"minecraft:stone_pickaxe":4,"minecraft:acacia_sapling":14,"minecraft:iron_sword":1,"minecraft:oak_planks":23,"minecraft:pumpkin":7,"minecraft:gravel":5,"minecraft:blast_furnace":2,"minecraft:grass_block":7,"minecraft:white_bed":4,"minecraft:spider_eye":2,"minecraft:stone_axe":5,"minecraft:oak_sapling":4,"minecraft:ender_pearl":4},"minecraft:mined":{"minecraft:white_bed":4,"minecraft:brewing_stand":1,"minecraft:acacia_log":3,"minecraft:grass_block":12,"minecraft:hay_block":83,"minecraft:furnace":1,"minecraft:iron_ore":21,"minecraft:fire":2,"minecraft:andesite":3,"minecraft:pumpkin":7,"minecraft:stone":49,"minecraft:acacia_leaves":1,"minecraft:crafting_table":8,"minecraft:blast_furnace":2,"minecraft:tall_grass":23,"minecraft:lapis_ore":8,"minecraft:oak_planks":7,"minecraft:diorite":6,"minecraft:wheat":1,"minecraft:light_gray_wool":1,"minecraft:grass":166,"minecraft:oak_log":19,"minecraft:dirt":20,"minecraft:oak_leaves":5},"minecraft:killed_by":{"minecraft:player":1,"minecraft:skeleton":1,"minecraft:zombie":1},"minecraft:killed":{"minecraft:spider":4,"minecraft:skeleton":4,"minecraft:chicken":4,"minecraft:pig":2,"minecraft:iron_golem":1,"minecraft:creeper":3,"minecraft:sheep":14,"minecraft:zombie":11,"minecraft:cow":8,"minecraft:enderman":3},"minecraft:custom":{"minecraft:mob_kills":55,"minecraft:interact_with_crafting_table":14,"minecraft:leave_game":4,"minecraft:time_since_death":73287,"minecraft:sprint_one_cm":211188,"minecraft:walk_one_cm":105890,"minecraft:damage_blocked_by_shield":340,"minecraft:drop":38,"minecraft:play_time":86348,"minecraft:deaths":3,"minecraft:sneak_time":8904,"minecraft:walk_under_water_one_cm":6703,"minecraft:jump":2027,"minecraft:walk_on_water_one_cm":24646,"minecraft:total_world_time":86348,"minecraft:interact_with_furnace":34,"minecraft:sleep_in_bed":5,"minecraft:time_since_rest":5104,"minecraft:damage_taken":2525,"minecraft:damage_dealt":8641,"minecraft:swim_one_cm":27968,"minecraft:fly_one_cm":385596,"minecraft:player_kills":1,"minecraft:open_chest":10,"minecraft:crouch_one_cm":22481,"minecraft:fall_one_cm":49949},"minecraft:used":{"minecraft:stone_sword":194,"minecraft:flint_and_steel":2,"minecraft:chest":2,"minecraft:shield":4,"minecraft:iron_sword":46,"minecraft:stone_hoe":59,"minecraft:cooked_chicken":2,"minecraft:dirt":9,"minecraft:grass_block":2,"minecraft:light_gray_wool":1,"minecraft:golden_sword":22,"minecraft:furnace":1,"minecraft:egg":3,"minecraft:cooked_beef":6,"minecraft:acacia_planks":1,"minecraft:cooked_mutton":6,"minecraft:water_bucket":10,"minecraft:diorite":37,"minecraft:stone_pickaxe":94,"minecraft:oak_planks":7,"minecraft:wooden_pickaxe":18,"minecraft:crafting_table":8,"minecraft:white_bed":5,"minecraft:chicken":1,"minecraft:bread":14,"minecraft:stone_axe":81,"minecraft:cobblestone":20,"minecraft:cooked_porkchop":4,"minecraft:bucket":11,"minecraft:golden_pickaxe":1},"minecraft:broken":{"minecraft:stone_sword":1},"minecraft:crafted":{"minecraft:oak_planks":40,"minecraft:cooked_chicken":3,"minecraft:furnace":1,"minecraft:cooked_mutton":13,"minecraft:stone_pickaxe":1,"minecraft:chest":2,"minecraft:stone_hoe":1,"minecraft:golden_sword":1,"minecraft:wheat":744,"minecraft:cooked_beef":10,"minecraft:cooked_porkchop":12,"minecraft:wooden_pickaxe":1,"minecraft:iron_sword":1,"minecraft:stone_axe":1,"minecraft:bread":249,"minecraft:air":0,"minecraft:shield":1,"minecraft:stick":8,"minecraft:stone_sword":1,"minecraft:gold_ingot":2,"minecraft:white_bed":2,"minecraft:acacia_planks":24}},"DataVersion":3465}