{"stats":{"minecraft:broken":{"minecraft:stone_sword":1,"minecraft:stone_axe":1},"minecraft:dropped":{"minecraft:stone_hoe":1,"minecraft:bread":64,"minecraft:acacia_boat":1,"minecraft:iron_sword":2,"minecraft:porkchop":2,"minecraft:wheat_seeds":36,"minecraft:oak_log":5,"minecraft:feather":2,"minecraft:cobblestone":89,"minecraft:leather":11,"minecraft:grass_block":2,"minecraft:flint":1,"minecraft:stick":12,"minecraft:dirt":69,"minecraft:diorite":8,"minecraft:pumpkin":7,"minecraft:string":7,"minecraft:white_wool":7,"minecraft:acacia_planks":1,"minecraft:bone":6,"minecraft:gravel":1,"minecraft:furnace":2,"minecraft:stone_axe":3,"minecraft:cooked_chicken":1,"minecraft:golden_chestplate":2,"minecraft:stone_sword":2,"minecraft:obsidian":2,"minecraft:rotten_flesh":3,"minecraft:light_gray_wool":1,"minecraft:oak_planks":32,"minecraft:cooked_mutton":7,"minecraft:gunpowder":2,"minecraft:peony":1,"minecraft:andesite":1,"minecraft:golden_leggings":2,"minecraft:oak_sapling":3,"minecraft:acacia_sapling":9,"minecraft:golden_sword":2,"minecraft:spider_eye":2,"minecraft:slime_ball":4,"minecraft:stone_pickaxe":3},"minecraft:crafted":{"minecraft:oak_planks":96,"minecraft:cooked_chicken":3,"minecraft:furnace":2,"minecraft:cooked_mutton":13,"minecraft:warped_planks":4,"minecraft:iron_boots":1,"minecraft:iron_axe":1,"minecraft:stone_pickaxe":1,"minecraft:chest":2,"minecraft:stone_hoe":1,"minecraft:golden_sword":1,"minecraft:wheat":744,"minecraft:cooked_beef":10,"minecraft:cooked_porkchop":12,"minecraft:crafting_table":1,"minecraft:wooden_pickaxe":1,"minecraft:iron_helmet":1,"minecraft:iron_sword":1,"minecraft:stone_axe":2,"minecraft:bread":249,"minecraft:air":0,"minecraft:iron_chestplate":1,"minecraft:shield":1,"minecraft:stick":20,"minecraft:iron_ingot":28,"minecraft:iron_pickaxe":1,"minecraft:stone_sword":1,"minecraft:iron_leggings":1,"minecraft:gold_ingot":2,"minecraft:white_bed":2,"minecraft:acacia_planks":24},"minecraft:picked_up":{"minecraft:crafting_table":10,"minecraft:coarse_dirt":13,"minecraft:wheat":3,"minecraft:chicken":4,"minecraft:wooden_pickaxe":4,"minecraft:brewing_stand":1,"minecraft:shield":1,"minecraft:golden_sword":1,"minecraft:string":15,"minecraft:raw_copper":22,"minecraft:beef":32,"minecraft:light_gray_wool":2,"minecraft:sugar_cane":64,"minecraft:furnace":3,"minecraft:egg":5,"minecraft:stick":26,"minecraft:raw_iron":28,"minecraft:torch":18,"minecraft:acacia_log":8,"minecraft:porkchop":10,"minecraft:diorite":45,"minecraft:warped_planks":1,"minecraft:golden_chestplate":1,"minecraft:stone_sword":6,"minecraft:arrow":18,"minecraft:stone_shovel":1,"minecraft:rotten_flesh":25,"minecraft:peony":1,"minecraft:hay_block":83,"minecraft:mutton":27,"minecraft:white_wool":14,"minecraft:cobblestone":294,"minecraft:feather":2,"minecraft:andesite":4,"minecraft:leather":26,"minecraft:flint":1,"minecraft:oak_log":103,"minecraft:gunpowder":3,"minecraft:acacia_boat":2,"minecraft:lapis_lazuli":61,"minecraft:dirt":262,"minecraft:white_banner":1,"minecraft:bone":15,"minecraft:acacia_planks":52,"minecraft:apple":1,"minecraft:wheat_seeds":54,"minecraft:warped_stem":1,"minecraft:stone_pickaxe":6,"minecraft:iron_ingot":6,"minecraft:iron_sword":3,"minecraft:oak_planks":51,"minecraft:acacia_sapling":14,"minecraft:cooked_porkchop":3,"minecraft:pumpkin":7,"minecraft:gravel":5,"minecraft:blast_furnace":4,"minecraft:white_bed":5,"minecraft:grass_block":7,"minecraft:spider_eye":2,"minecraft:slime_ball":7,"minecraft:stone_axe":6,"minecraft:oak_sapling":16,"minecraft:coal":26,"minecraft:ender_pearl":4},"minecraft:killed_by":{"minecraft:player":1,"minecraft:skeleton":1,"minecraft:zombie":1},"minecraft:killed":{"minecraft:spider":8,"minecraft:slime":5,"minecraft:skeleton":14,"minecraft:chicken":8,"minecraft:pig":11,"minecraft:iron_golem":1,"minecraft:creeper":3,"minecraft:sheep":19,"minecraft:pillager":2,"minecraft:zombie":19,"minecraft:enderman":3,"minecraft:cow":19},"minecraft:custom":{"minecraft:mob_kills":113,"minecraft:interact_with_crafting_table":23,"minecraft:leave_game":12,"minecraft:time_since_death":151022,"minecraft:climb_one_cm":2621,"minecraft:sprint_one_cm":425624,"minecraft:walk_one_cm":209503,"minecraft:damage_blocked_by_shield":370,"minecraft:drop":88,"minecraft:play_time":164083,"minecraft:sneak_time":12397,"minecraft:deaths":3,"minecraft:walk_under_water_one_cm":10569,"minecraft:jump":3844,"minecraft:interact_with_blast_furnace":13,"minecraft:walk_on_water_one_cm":35081,"minecraft:total_world_time":164083,"minecraft:interact_with_furnace":36,"minecraft:sleep_in_bed":6,"minecraft:time_since_rest":13,"minecraft:damage_taken":4257,"minecraft:damage_dealt":16249,"minecraft:player_kills":1,"minecraft:swim_one_cm":60373,"minecraft:fly_one_cm":735522,"minecraft:open_chest":11,"minecraft:crouch_one_cm":34147,"minecraft:fall_one_cm":93907},"minecraft:used":{"minecraft:stone_sword":194,"minecraft:flint_and_steel":20,"minecraft:chest":2,"minecraft:shield":5,"minecraft:iron_sword":271,"minecraft:cooked_chicken":2,"minecraft:stone_hoe":59,"minecraft:dirt":9,"minecraft:lava_bucket":2,"minecraft:iron_axe":4,"minecraft:grass_block":2,"minecraft:light_gray_wool":1,"minecraft:golden_sword":22,"minecraft:furnace":2,"minecraft:egg":5,"minecraft:cooked_beef":6,"minecraft:acacia_planks":1,"minecraft:cooked_mutton":6,"minecraft:water_bucket":28,"minecraft:diorite":37,"minecraft:stone_pickaxe":123,"minecraft:oak_planks":7,"minecraft:wooden_pickaxe":18,"minecraft:sugar_cane":27,"minecraft:crafting_table":10,"minecraft:blast_furnace":2,"minecraft:white_bed":7,"minecraft:warped_planks":5,"minecraft:apple":1,"minecraft:chicken":1,"minecraft:bread":55,"minecraft:iron_pickaxe":30,"minecraft:stone_axe":177,"minecraft:cobblestone":62,"minecraft:cooked_porkchop":4,"minecraft:bucket":31,"minecraft:golden_pickaxe":1},"minecraft:mined":{"minecraft:white_bed":5,"minecraft:brewing_stand":1,"minecraft:acacia_log":3,"minecraft:grass_block":14,"minecraft:hay_block":83,"minecraft:furnace":2,"minecraft:iron_ore":21,"minecraft:fire":10,"minecraft:andesite":3,"minecraft:pumpkin":7,"minecraft:vine":2,"minecraft:warped_stem":1,"minecraft:stone":51,"minecraft:acacia_leaves":1,"minecraft:dandelion":1,"minecraft:crafting_table":10,"minecraft:blast_furnace":4,"minecraft:warped_roots":5,"minecraft:tall_grass":47,"minecraft:cobblestone":27,"minecraft:lapis_ore":8,"minecraft:sugar_cane":13,"minecraft:oak_planks":7,"minecraft:diorite":6,"minecraft:warped_planks":1,"minecraft:wheat":1,"minecraft:light_gray_wool":1,"minecraft:grass":284,"minecraft:oak_log":90,"minecraft:coal_ore":15,"minecraft:gravel":2,"minecraft:dirt":21,"minecraft:oak_leaves":25}},"DataVersion":3465}