{"stats":{"minecraft:dropped":{"minecraft:cooked_chicken":1,"minecraft:feather":2,"minecraft:spider_eye":1,"minecraft:acacia_planks":1},"minecraft:crafted":{"minecraft:oak_planks":16,"minecraft:cooked_porkchop":2,"minecraft:stick":8,"minecraft:cooked_chicken":2,"minecraft:wooden_pickaxe":1,"minecraft:stone_pickaxe":1,"minecraft:stone_sword":1,"minecraft:furnace":1,"minecraft:acacia_planks":8,"minecraft:stone_axe":1,"minecraft:air":0},"minecraft:picked_up":{"minecraft:stick":16,"minecraft:crafting_table":1,"minecraft:feather":2,"minecraft:chicken":3,"minecraft:wooden_pickaxe":2,"minecraft:acacia_log":8,"minecraft:gravel":4,"minecraft:porkchop":8,"minecraft:oak_log":20,"minecraft:grass_block":5,"minecraft:spider_eye":1,"minecraft:dirt":68,"minecraft:string":11,"minecraft:arrow":6,"minecraft:stone_sword":3,"minecraft:bone":3,"minecraft:rotten_flesh":6,"minecraft:acacia_planks":2,"minecraft:stone_axe":3,"minecraft:wheat_seeds":16,"minecraft:stone_pickaxe":3,"minecraft:oak_sapling":3,"minecraft:mutton":3,"minecraft:oak_planks":16,"minecraft:acacia_sapling":13,"minecraft:white_wool":3,"minecraft:cobblestone":28,"minecraft:ender_pearl":2},"minecraft:killed_by":{"minecraft:player":1,"minecraft:skeleton":1,"minecraft:zombie":1},"minecraft:killed":{"minecraft:sheep":3,"minecraft:skeleton":2,"minecraft:zombie":3,"minecraft:pig":2,"minecraft:chicken":3,"minecraft:spider":2,"minecraft:creeper":1,"minecraft:enderman":2},"minecraft:custom":{"minecraft:time_since_rest":4214,"minecraft:interact_with_furnace":9,"minecraft:sprint_one_cm":44747,"minecraft:damage_taken":902,"minecraft:walk_one_cm":23291,"minecraft:mob_kills":18,"minecraft:drop":5,"minecraft:damage_dealt":2561,"minecraft:swim_one_cm":442,"minecraft:interact_with_crafting_table":4,"minecraft:fly_one_cm":64189,"minecraft:crouch_one_cm":1458,"minecraft:play_time":17247,"minecraft:deaths":3,"minecraft:sneak_time":1122,"minecraft:walk_under_water_one_cm":576,"minecraft:jump":334,"minecraft:walk_on_water_one_cm":1003,"minecraft:time_since_death":4186,"minecraft:total_world_time":17247,"minecraft:fall_one_cm":7024},"minecraft:used":{"minecraft:stone_sword":88,"minecraft:stone_pickaxe":9,"minecraft:wooden_pickaxe":18,"minecraft:cooked_chicken":1,"minecraft:stone_axe":24,"minecraft:dirt":1,"minecraft:crafting_table":1,"minecraft:cooked_porkchop":2,"minecraft:furnace":1},"minecraft:mined":{"minecraft:acacia_leaves":1,"minecraft:crafting_table":1,"minecraft:grass":38,"minecraft:acacia_log":3,"minecraft:grass_block":3,"minecraft:oak_log":10,"minecraft:dirt":11,"minecraft:tall_grass":12,"minecraft:stone":11,"minecraft:oak_leaves":3}},"DataVersion":3465}