{"stats":{"minecraft:crafted":{"minecraft:cooked_porkchop":3,"minecraft:crafting_table":1,"minecraft:wooden_pickaxe":1,"minecraft:iron_sword":1,"minecraft:furnace":1,"minecraft:cooked_salmon":2,"minecraft:bucket":1,"minecraft:stone_axe":1,"minecraft:cooked_mutton":1,"minecraft:air":0,"minecraft:jungle_planks":32,"minecraft:bow":1,"minecraft:iron_boots":1,"minecraft:shield":1,"minecraft:stick":16,"minecraft:iron_ingot":9,"minecraft:iron_pickaxe":1,"minecraft:stone_pickaxe":1,"minecraft:stone_sword":1,"minecraft:white_bed":1},"minecraft:killed":{"minecraft:cave_spider":1,"minecraft:pig":6,"minecraft:salmon":8,"minecraft:rabbit":1,"minecraft:sheep":3,"minecraft:zombie":5,"minecraft:wither_skeleton":2},"minecraft:killed_by":{"minecraft:wither_skeleton":1,"minecraft:skeleton":1},"minecraft:dropped":{"minecraft:wheat_seeds":6,"minecraft:dirt":1,"minecraft:spider_eye":1,"minecraft:string":1},"minecraft:mined":{"minecraft:dark_oak_planks":2,"minecraft:yellow_terracotta":2,"minecraft:brown_mushroom":2,"minecraft:white_bed":2,"minecraft:blackstone":12,"minecraft:basalt":100,"minecraft:crafting_table":4,"minecraft:light_gray_terracotta":2,"minecraft:nether_bricks":46,"minecraft:dark_oak_fence":4,"minecraft:grass_block":6,"minecraft:jungle_log":8,"minecraft:cobblestone":2,"minecraft:tall_grass":3,"minecraft:sugar_cane":4,"minecraft:nether_wart":10,"minecraft:white_terracotta":2,"minecraft:cactus":2,"minecraft:red_terracotta":13,"minecraft:furnace":4,"minecraft:iron_ore":9,"minecraft:grass":28,"minecraft:coal_ore":40,"minecraft:gravel":4,"minecraft:dirt":23,"minecraft:cobweb":3,"minecraft:brown_terracotta":6,"minecraft:terracotta":14,"minecraft:bamboo":10,"minecraft:stone":54,"minecraft:netherrack":5,"minecraft:gold_ore":36,"minecraft:oak_leaves":2,"minecraft:fern":1},"minecraft:broken":{"minecraft:stone_pickaxe":1},"minecraft:picked_up":{"minecraft:crafting_table":5,"minecraft:basalt":96,"minecraft:nether_wart":12,"minecraft:jungle_log":8,"minecraft:salmon":6,"minecraft:wooden_pickaxe":1,"minecraft:brown_mushroom":4,"minecraft:shield":1,"minecraft:golden_sword":1,"minecraft:gunpowder":2,"minecraft:name_tag":1,"minecraft:dirt":26,"minecraft:string":4,"minecraft:cooked_salmon":1,"minecraft:flint_and_steel":1,"minecraft:bone":4,"minecraft:blackstone":15,"minecraft:bow":1,"minecraft:wheat_seeds":7,"minecraft:raw_gold":74,"minecraft:bucket":1,"minecraft:stone_pickaxe":1,"minecraft:iron_ingot":3,"minecraft:iron_pickaxe":1,"minecraft:rabbit":1,"minecraft:bamboo":40,"minecraft:sugar_cane":20,"minecraft:iron_sword":1,"minecraft:iron_boots":1,"minecraft:furnace":5,"minecraft:stick":3,"minecraft:raw_iron":9,"minecraft:brown_terracotta":6,"minecraft:torch":21,"minecraft:gravel":4,"minecraft:porkchop":11,"minecraft:jungle_planks":25,"minecraft:white_bed":3,"minecraft:red_terracotta":13,"minecraft:spider_eye":1,"minecraft:dark_oak_planks":2,"minecraft:light_gray_terracotta":2,"minecraft:stone_sword":1,"minecraft:cactus":4,"minecraft:rotten_flesh":6,"minecraft:stone_axe":3,"minecraft:nether_bricks":55,"minecraft:golden_apple":1,"minecraft:yellow_terracotta":2,"minecraft:white_terracotta":2,"minecraft:terracotta":14,"minecraft:netherrack":10,"minecraft:mutton":4,"minecraft:dark_oak_fence":10,"minecraft:white_wool":3,"minecraft:coal":190,"minecraft:rail":2,"minecraft:cobblestone":54},"minecraft:custom":{"minecraft:interact_with_furnace":21,"minecraft:mob_kills":27,"minecraft:interact_with_crafting_table":11,"minecraft:leave_game":2,"minecraft:time_since_death":5162,"minecraft:sleep_in_bed":2,"minecraft:climb_one_cm":949,"minecraft:time_since_rest":5190,"minecraft:damage_taken":1389,"minecraft:sprint_one_cm":226377,"minecraft:walk_one_cm":119966,"minecraft:drop":7,"minecraft:damage_dealt":2867,"minecraft:swim_one_cm":15373,"minecraft:fly_one_cm":282934,"minecraft:open_chest":7,"minecraft:crouch_one_cm":28247,"minecraft:play_time":59166,"minecraft:deaths":2,"minecraft:sneak_time":10875,"minecraft:walk_under_water_one_cm":10754,"minecraft:jump":1468,"minecraft:walk_on_water_one_cm":6148,"minecraft:total_world_time":59166,"minecraft:fall_one_cm":42079},"minecraft:used":{"minecraft:cooked_mutton":1,"minecraft:water_bucket":15,"minecraft:diorite":1,"minecraft:stone_sword":32,"minecraft:rabbit":1,"minecraft:powered_rail":1,"minecraft:stone_pickaxe":132,"minecraft:oak_planks":1,"minecraft:wooden_pickaxe":25,"minecraft:white_terracotta":2,"minecraft:iron_sword":32,"minecraft:cooked_salmon":3,"minecraft:rotten_flesh":6,"minecraft:salmon":3,"minecraft:torch":4,"minecraft:rail":6,"minecraft:dirt":24,"minecraft:mutton":3,"minecraft:terracotta":14,"minecraft:yellow_terracotta":2,"minecraft:crafting_table":4,"minecraft:nether_bricks":35,"minecraft:light_gray_terracotta":2,"minecraft:white_bed":2,"minecraft:brown_terracotta":6,"minecraft:black_wool":1,"minecraft:lava_bucket":8,"minecraft:brown_wool":1,"minecraft:iron_pickaxe":212,"minecraft:red_terracotta":13,"minecraft:iron_boots":1,"minecraft:gravel":4,"minecraft:basalt":16,"minecraft:bamboo":2,"minecraft:stone_axe":22,"minecraft:cobblestone":38,"minecraft:cooked_porkchop":3,"minecraft:furnace":4,"minecraft:porkchop":8,"minecraft:bucket":23}},"DataVersion":3465}