{"stats":{"minecraft:dropped":{"minecraft:stone_hoe":1,"minecraft:iron_ingot":5,"minecraft:bread":64,"minecraft:acacia_boat":1,"minecraft:iron_sword":2,"minecraft:porkchop":2,"minecraft:wheat_seeds":38,"minecraft:cooked_beef":66,"minecraft:oak_log":5,"minecraft:feather":2,"minecraft:iron_helmet":1,"minecraft:cobblestone":89,"minecraft:leather":11,"minecraft:grass_block":2,"minecraft:flint":1,"minecraft:stick":12,"minecraft:dirt":69,"minecraft:diorite":8,"minecraft:torch":6,"minecraft:iron_leggings":1,"minecraft:pumpkin":7,"minecraft:string":7,"minecraft:white_wool":13,"minecraft:acacia_planks":1,"minecraft:bone":7,"minecraft:gravel":1,"minecraft:furnace":3,"minecraft:stone_axe":3,"minecraft:cooked_chicken":1,"minecraft:golden_chestplate":3,"minecraft:stone_sword":2,"minecraft:obsidian":2,"minecraft:rotten_flesh":3,"minecraft:light_gray_wool":1,"minecraft:oak_planks":43,"minecraft:iron_boots":1,"minecraft:cooked_mutton":7,"minecraft:gunpowder":2,"minecraft:peony":1,"minecraft:iron_chestplate":1,"minecraft:andesite":1,"minecraft:golden_leggings":2,"minecraft:oak_sapling":13,"minecraft:acacia_sapling":9,"minecraft:golden_sword":2,"minecraft:spider_eye":2,"minecraft:slime_ball":4,"minecraft:stone_pickaxe":3},"minecraft:picked_up":{"minecraft:coarse_dirt":13,"minecraft:iron_chestplate":1,"minecraft:crafting_table":12,"minecraft:wheat":3,"minecraft:chicken":4,"minecraft:golden_pickaxe":1,"minecraft:wooden_pickaxe":4,"minecraft:brewing_stand":1,"minecraft:shield":2,"minecraft:golden_sword":1,"minecraft:string":15,"minecraft:raw_copper":22,"minecraft:iron_axe":1,"minecraft:flint_and_steel":1,"minecraft:iron_leggings":1,"minecraft:beef":95,"minecraft:acacia_sign":2,"minecraft:iron_pickaxe":1,"minecraft:light_gray_wool":2,"minecraft:sugar_cane":85,"minecraft:chest":4,"minecraft:furnace":3,"minecraft:iron_boots":1,"minecraft:egg":5,"minecraft:stick":27,"minecraft:raw_iron":65,"minecraft:torch":38,"minecraft:acacia_log":8,"minecraft:porkchop":10,"minecraft:diorite":45,"minecraft:warped_planks":1,"minecraft:redstone":9,"minecraft:golden_chestplate":3,"minecraft:stone_sword":6,"minecraft:arrow":29,"minecraft:stone_shovel":1,"minecraft:rotten_flesh":25,"minecraft:peony":1,"minecraft:hay_block":83,"minecraft:mutton":65,"minecraft:white_wool":20,"minecraft:cobblestone":361,"minecraft:clock":1,"minecraft:feather":2,"minecraft:cooked_beef":48,"minecraft:water_bucket":1,"minecraft:andesite":4,"minecraft:leather":26,"minecraft:golden_leggings":1,"minecraft:flint":1,"minecraft:oak_log":224,"minecraft:gunpowder":3,"minecraft:acacia_boat":2,"minecraft:lapis_lazuli":116,"minecraft:dirt":326,"minecraft:white_banner":2,"minecraft:bone":16,"minecraft:acacia_planks":52,"minecraft:apple":1,"minecraft:bow":1,"minecraft:wheat_seeds":60,"minecraft:warped_stem":1,"minecraft:iron_ingot":7,"minecraft:stone_pickaxe":6,"minecraft:iron_sword":4,"minecraft:oak_planks":99,"minecraft:acacia_sapling":14,"minecraft:cooked_porkchop":6,"minecraft:pumpkin":7,"minecraft:dandelion":1,"minecraft:gravel":5,"minecraft:blast_furnace":6,"minecraft:white_bed":9,"minecraft:grass_block":7,"minecraft:spider_eye":2,"minecraft:slime_ball":9,"minecraft:stone_axe":6,"minecraft:iron_helmet":1,"minecraft:golden_apple":1,"minecraft:bread":127,"minecraft:oak_sapling":39,"minecraft:coal":37,"minecraft:ender_pearl":6},"minecraft:mined":{"minecraft:white_bed":8,"minecraft:oak_sapling":9,"minecraft:brewing_stand":1,"minecraft:granite":1,"minecraft:acacia_log":3,"minecraft:grass_block":14,"minecraft:hay_block":83,"minecraft:redstone_ore":2,"minecraft:furnace":2,"minecraft:iron_ore":54,"minecraft:fire":10,"minecraft:andesite":3,"minecraft:pumpkin":7,"minecraft:vine":2,"minecraft:warped_stem":1,"minecraft:stone":70,"minecraft:acacia_leaves":1,"minecraft:dandelion":2,"minecraft:cornflower":1,"minecraft:crafting_table":11,"minecraft:blast_furnace":4,"minecraft:warped_roots":5,"minecraft:chest":4,"minecraft:tall_grass":64,"minecraft:cobblestone":32,"minecraft:lapis_ore":8,"minecraft:oak_planks":9,"minecraft:sugar_cane":13,"minecraft:diorite":6,"minecraft:warped_planks":1,"minecraft:wheat":1,"minecraft:light_gray_wool":1,"minecraft:grass":419,"minecraft:oak_log":147,"minecraft:coal_ore":15,"minecraft:gravel":3,"minecraft:dirt":23,"minecraft:oak_leaves":36,"minecraft:acacia_wall_sign":2},"minecraft:killed_by":{"minecraft:player":1,"minecraft:creeper":1,"minecraft:skeleton":1,"minecraft:zombie":1},"minecraft:killed":{"minecraft:spider":8,"minecraft:slime":5,"minecraft:skeleton":17,"minecraft:chicken":8,"minecraft:pig":11,"minecraft:iron_golem":1,"minecraft:creeper":3,"minecraft:sheep":27,"minecraft:pillager":2,"minecraft:zombie":22,"minecraft:enderman":3,"minecraft:cow":26},"minecraft:custom":{"minecraft:mob_kills":134,"minecraft:interact_with_crafting_table":29,"minecraft:leave_game":23,"minecraft:time_since_death":63883,"minecraft:climb_one_cm":2621,"minecraft:sprint_one_cm":557987,"minecraft:walk_one_cm":297874,"minecraft:damage_blocked_by_shield":418,"minecraft:drop":109,"minecraft:play_time":252058,"minecraft:sneak_time":17029,"minecraft:deaths":5,"minecraft:walk_under_water_one_cm":15782,"minecraft:jump":4928,"minecraft:interact_with_blast_furnace":24,"minecraft:walk_on_water_one_cm":40149,"minecraft:total_world_time":252058,"minecraft:interact_with_furnace":42,"minecraft:sleep_in_bed":11,"minecraft:time_since_rest":17739,"minecraft:damage_taken":5794,"minecraft:damage_dealt":19530,"minecraft:player_kills":2,"minecraft:swim_one_cm":66176,"minecraft:fly_one_cm":946974,"minecraft:open_chest":38,"minecraft:crouch_one_cm":48206,"minecraft:interact_with_smoker":19,"minecraft:fall_one_cm":128266},"minecraft:used":{"minecraft:stone_sword":194,"minecraft:flint_and_steel":20,"minecraft:chest":6,"minecraft:shield":9,"minecraft:iron_sword":352,"minecraft:cooked_chicken":2,"minecraft:stone_hoe":59,"minecraft:iron_chestplate":1,"minecraft:torch":6,"minecraft:dirt":9,"minecraft:lava_bucket":2,"minecraft:iron_axe":86,"minecraft:grass_block":2,"minecraft:light_gray_wool":1,"minecraft:golden_sword":22,"minecraft:bow":1,"minecraft:oak_sapling":10,"minecraft:furnace":2,"minecraft:egg":5,"minecraft:cooked_beef":6,"minecraft:acacia_planks":1,"minecraft:cooked_mutton":6,"minecraft:diorite":37,"minecraft:water_bucket":54,"minecraft:stone_pickaxe":123,"minecraft:oak_planks":67,"minecraft:wooden_pickaxe":18,"minecraft:sugar_cane":27,"minecraft:crafting_table":10,"minecraft:blast_furnace":4,"minecraft:white_bed":10,"minecraft:warped_planks":5,"minecraft:smoker":2,"minecraft:apple":1,"minecraft:acacia_sign":2,"minecraft:chicken":1,"minecraft:bread":80,"minecraft:iron_pickaxe":92,"minecraft:stone_axe":177,"minecraft:cobblestone":81,"minecraft:white_banner":1,"minecraft:cooked_porkchop":4,"minecraft:bucket":57,"minecraft:dandelion":1,"minecraft:golden_pickaxe":1},"minecraft:broken":{"minecraft:stone_sword":1,"minecraft:stone_axe":1},"minecraft:crafted":{"minecraft:oak_planks":352,"minecraft:cooked_chicken":3,"minecraft:furnace":4,"minecraft:cooked_mutton":39,"minecraft:warped_planks":4,"minecraft:iron_boots":2,"minecraft:iron_axe":1,"minecraft:stone_pickaxe":1,"minecraft:chest":6,"minecraft:stone_hoe":1,"minecraft:golden_sword":1,"minecraft:smoker":2,"minecraft:wheat":744,"minecraft:cooked_beef":50,"minecraft:cooked_porkchop":12,"minecraft:crafting_table":1,"minecraft:wooden_pickaxe":1,"minecraft:iron_helmet":2,"minecraft:iron_sword":1,"minecraft:stone_axe":2,"minecraft:bread":249,"minecraft:air":0,"minecraft:iron_chestplate":2,"minecraft:shield":1,"minecraft:stick":20,"minecraft:iron_ingot":60,"minecraft:iron_pickaxe":1,"minecraft:stone_sword":1,"minecraft:iron_leggings":2,"minecraft:gold_ingot":2,"minecraft:white_bed":2,"minecraft:acacia_planks":24}},"DataVersion":3465}