{"stats":{"minecraft:crafted":{"minecraft:crafting_table":1,"minecraft:stick":8,"minecraft:wooden_pickaxe":1,"minecraft:stone_pickaxe":1,"minecraft:stone_sword":1,"minecraft:stone_axe":1,"minecraft:jungle_planks":32},"minecraft:killed":{"minecraft:sheep":3,"minecraft:pig":2},"minecraft:mined":{"minecraft:crafting_table":1,"minecraft:grass":20,"minecraft:grass_block":2,"minecraft:jungle_log":8,"minecraft:dirt":13,"minecraft:stone":24,"minecraft:oak_leaves":2,"minecraft:fern":1},"minecraft:dropped":{"minecraft:wheat_seeds":1},"minecraft:picked_up":{"minecraft:crafting_table":1,"minecraft:jungle_log":8,"minecraft:porkchop":4,"minecraft:dirt":15,"minecraft:wheat_seeds":3,"minecraft:mutton":4,"minecraft:white_wool":3,"minecraft:cobblestone":24},"minecraft:custom":{"minecraft:time_since_rest":5716,"minecraft:sprint_one_cm":14431,"minecraft:damage_taken":50,"minecraft:walk_one_cm":5459,"minecraft:mob_kills":5,"minecraft:drop":1,"minecraft:damage_dealt":440,"minecraft:swim_one_cm":1228,"minecraft:interact_with_crafting_table":2,"minecraft:fly_one_cm":31088,"minecraft:crouch_one_cm":1896,"minecraft:play_time":5716,"minecraft:sneak_time":1488,"minecraft:walk_under_water_one_cm":365,"minecraft:jump":162,"minecraft:walk_on_water_one_cm":330,"minecraft:time_since_death":5716,"minecraft:total_world_time":5716,"minecraft:climb_one_cm":351,"minecraft:fall_one_cm":9620},"minecraft:used":{"minecraft:stone_sword":2,"minecraft:stone_pickaxe":16,"minecraft:wooden_pickaxe":24,"minecraft:stone_axe":5,"minecraft:crafting_table":1,"minecraft:porkchop":1}},"DataVersion":3465}