{"stats":{"minecraft:dropped":{"minecraft:cooked_chicken":1,"minecraft:golden_chestplate":1,"minecraft:stone_sword":1,"minecraft:feather":2,"minecraft:cooked_mutton":7,"minecraft:spider_eye":1,"minecraft:acacia_planks":1},"minecraft:crafted":{"minecraft:oak_planks":16,"minecraft:cooked_porkchop":4,"minecraft:wooden_pickaxe":1,"minecraft:cooked_chicken":2,"minecraft:furnace":1,"minecraft:stone_axe":1,"minecraft:cooked_mutton":13,"minecraft:air":0,"minecraft:stick":8,"minecraft:stone_pickaxe":1,"minecraft:stone_sword":1,"minecraft:white_bed":2,"minecraft:acacia_planks":24},"minecraft:picked_up":{"minecraft:crafting_table":1,"minecraft:feather":2,"minecraft:chicken":4,"minecraft:leather":7,"minecraft:wooden_pickaxe":2,"minecraft:oak_log":20,"minecraft:gunpowder":1,"minecraft:string":11,"minecraft:dirt":68,"minecraft:bone":3,"minecraft:acacia_planks":2,"minecraft:wheat_seeds":21,"minecraft:beef":10,"minecraft:stone_pickaxe":3,"minecraft:light_gray_wool":1,"minecraft:oak_planks":16,"minecraft:acacia_sapling":13,"minecraft:egg":2,"minecraft:stick":16,"minecraft:acacia_log":8,"minecraft:gravel":4,"minecraft:porkchop":8,"minecraft:grass_block":5,"minecraft:spider_eye":1,"minecraft:stone_sword":4,"minecraft:arrow":6,"minecraft:rotten_flesh":6,"minecraft:stone_axe":3,"minecraft:oak_sapling":3,"minecraft:mutton":13,"minecraft:white_wool":8,"minecraft:cobblestone":28,"minecraft:ender_pearl":2},"minecraft:killed_by":{"minecraft:player":1,"minecraft:skeleton":1,"minecraft:zombie":1},"minecraft:killed":{"minecraft:pig":2,"minecraft:spider":2,"minecraft:creeper":2,"minecraft:sheep":9,"minecraft:skeleton":2,"minecraft:zombie":4,"minecraft:chicken":4,"minecraft:enderman":2,"minecraft:cow":6},"minecraft:custom":{"minecraft:interact_with_furnace":25,"minecraft:mob_kills":33,"minecraft:interact_with_crafting_table":6,"minecraft:time_since_death":16186,"minecraft:time_since_rest":16214,"minecraft:sprint_one_cm":83711,"minecraft:damage_taken":1104,"minecraft:walk_one_cm":33396,"minecraft:drop":14,"minecraft:damage_dealt":4414,"minecraft:swim_one_cm":20275,"minecraft:fly_one_cm":169986,"minecraft:open_chest":1,"minecraft:crouch_one_cm":1548,"minecraft:play_time":29247,"minecraft:deaths":3,"minecraft:sneak_time":1201,"minecraft:walk_under_water_one_cm":1418,"minecraft:jump":800,"minecraft:walk_on_water_one_cm":5075,"minecraft:total_world_time":29247,"minecraft:fall_one_cm":15813},"minecraft:used":{"minecraft:cooked_mutton":2,"minecraft:stone_sword":144,"minecraft:stone_pickaxe":12,"minecraft:wooden_pickaxe":18,"minecraft:cooked_chicken":1,"minecraft:dirt":1,"minecraft:crafting_table":1,"minecraft:white_bed":2,"minecraft:chicken":1,"minecraft:stone_axe":30,"minecraft:cobblestone":3,"minecraft:furnace":1,"minecraft:cooked_porkchop":4,"minecraft:egg":2},"minecraft:mined":{"minecraft:acacia_leaves":1,"minecraft:crafting_table":1,"minecraft:acacia_log":3,"minecraft:grass_block":3,"minecraft:tall_grass":18,"minecraft:grass":85,"minecraft:oak_log":10,"minecraft:dirt":11,"minecraft:stone":11,"minecraft:oak_leaves":3}},"DataVersion":3465}