{"stats":{"minecraft:used":{"minecraft:light_gray_concrete":1,"minecraft:spruce_slab":1,"minecraft:bread":2,"minecraft:sand":43,"tombstone:gift":2},"minecraft:killed_by":{"minecraft:husk":1,"minecraft:skeleton":2},"minecraft:mined":{"minecraft:cactus":1,"minecraft:tnt":9,"minecraft:grass":16,"minecraft:dead_bush":1,"minecraft:sunflower":2,"minecraft:sand":40,"minecraft:tall_grass":1},"minecraft:custom":{"minecraft:time_since_rest":1731,"minecraft:damage_taken":1180,"minecraft:sprint_one_cm":35008,"minecraft:walk_one_cm":43393,"minecraft:mob_kills":2,"minecraft:drop":5,"minecraft:damage_dealt":564,"minecraft:talked_to_villager":1,"minecraft:tune_noteblock":2,"minecraft:fly_one_cm":92495,"minecraft:open_chest":9,"minecraft:play_one_minute":26912,"minecraft:crouch_one_cm":985,"tombstone:undead_killed":1,"minecraft:deaths":4,"minecraft:sneak_time":837,"minecraft:jump":455,"minecraft:leave_game":5,"minecraft:walk_on_water_one_cm":47,"minecraft:time_since_death":2508,"minecraft:sleep_in_bed":2,"minecraft:climb_one_cm":6321,"minecraft:fall_one_cm":12705},"minecraft:dropped":{"minecraft:wheat_seeds":2,"minecraft:wheat":1,"minecraft:sunflower":2},"minecraft:picked_up":{"minecraft:wheat":2,"minecraft:sand":40,"minecraft:string":2,"minecraft:tnt":9,"minecraft:light_gray_concrete":1,"minecraft:bone":2,"minecraft:arrow":2,"minecraft:wheat_seeds":2,"minecraft:spruce_slab":1,"minecraft:sunflower":2},"minecraft:killed":{"minecraft:husk":1,"minecraft:spider":1}},"DataVersion":2586}