{"stats":{"minecraft:crafted":{"minecraft:furnace":1,"minecraft:cooked_mutton":1,"minecraft:bow":1,"minecraft:iron_boots":1,"minecraft:stone_pickaxe":1,"minecraft:cooked_porkchop":3,"minecraft:crafting_table":1,"minecraft:wooden_pickaxe":1,"minecraft:iron_sword":1,"minecraft:cooked_salmon":2,"minecraft:bucket":1,"minecraft:stone_axe":1,"minecraft:air":0,"minecraft:jungle_planks":32,"minecraft:shield":1,"minecraft:stick":16,"minecraft:iron_ingot":9,"minecraft:iron_pickaxe":1,"minecraft:stone_sword":1,"minecraft:white_bed":1},"minecraft:killed":{"minecraft:cave_spider":1,"minecraft:skeleton":1,"minecraft:pig":6,"minecraft:salmon":8,"minecraft:rabbit":1,"minecraft:sheep":3,"minecraft:zombie":5,"minecraft:wither_skeleton":4},"minecraft:killed_by":{"minecraft:wither_skeleton":1,"minecraft:skeleton":2},"minecraft:dropped":{"minecraft:wheat_seeds":6,"minecraft:dirt":1,"minecraft:string":1,"minecraft:spider_eye":1},"minecraft:mined":{"minecraft:dark_oak_planks":2,"minecraft:yellow_terracotta":2,"minecraft:white_bed":2,"minecraft:dark_oak_fence":4,"minecraft:nether_bricks":46,"minecraft:granite":2,"minecraft:grass_block":6,"minecraft:jungle_log":8,"minecraft:nether_wart":10,"minecraft:furnace":4,"minecraft:iron_ore":9,"minecraft:bamboo":10,"minecraft:stone":54,"minecraft:brown_mushroom":2,"minecraft:blackstone":12,"minecraft:basalt":108,"minecraft:crafting_table":4,"minecraft:light_gray_terracotta":2,"minecraft:tall_grass":3,"minecraft:cobblestone":2,"minecraft:sugar_cane":4,"minecraft:white_terracotta":2,"minecraft:red_terracotta":13,"minecraft:cactus":2,"minecraft:grass":47,"minecraft:coal_ore":40,"minecraft:gravel":4,"minecraft:dirt":23,"minecraft:cobweb":3,"minecraft:brown_terracotta":6,"minecraft:terracotta":14,"minecraft:netherrack":11,"minecraft:gold_ore":36,"minecraft:oak_leaves":2,"minecraft:fern":1},"minecraft:broken":{"minecraft:stone_pickaxe":1},"minecraft:picked_up":{"minecraft:crafting_table":6,"minecraft:nether_wart":18,"minecraft:brown_mushroom":6,"minecraft:wooden_pickaxe":2,"minecraft:golden_sword":1,"minecraft:shield":2,"minecraft:string":4,"minecraft:cooked_salmon":1,"minecraft:flint_and_steel":2,"minecraft:blackstone":27,"minecraft:bucket":2,"minecraft:iron_pickaxe":2,"minecraft:sugar_cane":30,"minecraft:iron_boots":2,"minecraft:furnace":5,"minecraft:stick":6,"minecraft:raw_iron":9,"minecraft:brown_terracotta":6,"minecraft:torch":42,"minecraft:porkchop":11,"minecraft:dark_oak_planks":2,"minecraft:stone_sword":2,"minecraft:cactus":6,"minecraft:rotten_flesh":7,"minecraft:nether_bricks":55,"minecraft:yellow_terracotta":2,"minecraft:white_terracotta":2,"minecraft:mutton":4,"minecraft:rail":2,"minecraft:white_wool":3,"minecraft:cobblestone":54,"minecraft:basalt":154,"minecraft:salmon":6,"minecraft:jungle_log":8,"minecraft:gunpowder":3,"minecraft:dirt":28,"minecraft:name_tag":2,"minecraft:bone":14,"minecraft:bow":2,"minecraft:wheat_seeds":7,"minecraft:raw_gold":111,"minecraft:iron_ingot":3,"minecraft:stone_pickaxe":1,"minecraft:rabbit":1,"minecraft:bamboo":59,"minecraft:iron_sword":2,"minecraft:gravel":4,"minecraft:jungle_planks":25,"minecraft:white_bed":3,"minecraft:red_terracotta":13,"minecraft:spider_eye":1,"minecraft:light_gray_terracotta":2,"minecraft:stone_axe":5,"minecraft:granite":4,"minecraft:golden_apple":2,"minecraft:terracotta":14,"minecraft:netherrack":20,"minecraft:dark_oak_fence":15,"minecraft:coal":190},"minecraft:custom":{"minecraft:mob_kills":30,"minecraft:interact_with_crafting_table":11,"minecraft:leave_game":3,"minecraft:time_since_death":4363,"minecraft:climb_one_cm":949,"minecraft:sprint_one_cm":256499,"minecraft:walk_one_cm":139315,"minecraft:damage_blocked_by_shield":50,"minecraft:drop":7,"minecraft:play_time":66661,"minecraft:deaths":3,"minecraft:sneak_time":12470,"minecraft:walk_under_water_one_cm":10754,"minecraft:jump":1647,"minecraft:walk_on_water_one_cm":6148,"minecraft:total_world_time":66661,"minecraft:interact_with_furnace":21,"minecraft:sleep_in_bed":2,"minecraft:time_since_rest":4403,"minecraft:damage_taken":1636,"minecraft:damage_dealt":3347,"minecraft:fly_one_cm":332077,"minecraft:swim_one_cm":15373,"minecraft:open_chest":9,"minecraft:crouch_one_cm":34336,"minecraft:fall_one_cm":48521},"minecraft:used":{"minecraft:stone_sword":32,"minecraft:shield":1,"minecraft:white_terracotta":2,"minecraft:iron_sword":41,"minecraft:cooked_salmon":3,"minecraft:rotten_flesh":7,"minecraft:torch":5,"minecraft:dirt":26,"minecraft:mutton":3,"minecraft:nether_bricks":35,"minecraft:granite":2,"minecraft:brown_terracotta":6,"minecraft:lava_bucket":8,"minecraft:iron_boots":1,"minecraft:bamboo":2,"minecraft:basalt":91,"minecraft:furnace":4,"minecraft:cooked_mutton":1,"minecraft:water_bucket":15,"minecraft:diorite":1,"minecraft:rabbit":1,"minecraft:stone_pickaxe":132,"minecraft:powered_rail":1,"minecraft:oak_planks":1,"minecraft:wooden_pickaxe":25,"minecraft:salmon":3,"minecraft:rail":6,"minecraft:terracotta":14,"minecraft:yellow_terracotta":2,"minecraft:crafting_table":4,"minecraft:light_gray_terracotta":2,"minecraft:white_bed":2,"minecraft:black_wool":1,"minecraft:brown_wool":1,"minecraft:iron_pickaxe":228,"minecraft:red_terracotta":13,"minecraft:gravel":4,"minecraft:stone_axe":22,"minecraft:cobblestone":38,"minecraft:porkchop":8,"minecraft:cooked_porkchop":3,"minecraft:bucket":23}},"DataVersion":3465}