{"stats":{"minecraft:used":{"minecraft:sand":30,"tombstone:gift":2},"minecraft:mined":{"minecraft:grass":16,"minecraft:cactus":1,"minecraft:dead_bush":1,"minecraft:sunflower":2,"minecraft:sand":39,"minecraft:tall_grass":1,"minecraft:tnt":9},"minecraft:killed_by":{"minecraft:husk":1,"minecraft:skeleton":1},"minecraft:custom":{"tombstone:undead_killed":1,"minecraft:open_chest":7,"minecraft:time_since_rest":2209,"minecraft:crouch_one_cm":985,"minecraft:play_one_minute":16025,"minecraft:deaths":3,"minecraft:sprint_one_cm":25776,"minecraft:damage_taken":1060,"minecraft:walk_one_cm":33023,"minecraft:sneak_time":837,"minecraft:mob_kills":2,"minecraft:drop":5,"minecraft:jump":352,"minecraft:damage_dealt":514,"minecraft:leave_game":2,"minecraft:walk_on_water_one_cm":47,"minecraft:time_since_death":2273,"minecraft:sleep_in_bed":1,"minecraft:talked_to_villager":1,"minecraft:fall_one_cm":9353,"minecraft:fly_one_cm":68001},"minecraft:dropped":{"minecraft:sunflower":2,"minecraft:wheat_seeds":2,"minecraft:wheat":1},"minecraft:picked_up":{"minecraft:tnt":9,"minecraft:arrow":2,"minecraft:bone":2,"minecraft:wheat_seeds":2,"minecraft:sand":39,"minecraft:string":2,"minecraft:wheat":2,"minecraft:sunflower":2},"minecraft:killed":{"minecraft:husk":1,"minecraft:spider":1}},"DataVersion":2586}