{"stats":{"minecraft:crafted":{"minecraft:crafting_table":1,"minecraft:wooden_pickaxe":1,"minecraft:iron_sword":1,"minecraft:furnace":1,"minecraft:cooked_salmon":2,"minecraft:bucket":1,"minecraft:stone_axe":1,"minecraft:cooked_mutton":1,"minecraft:air":0,"minecraft:jungle_planks":32,"minecraft:bow":1,"minecraft:iron_boots":1,"minecraft:shield":1,"minecraft:stick":16,"minecraft:iron_ingot":9,"minecraft:iron_pickaxe":1,"minecraft:stone_pickaxe":1,"minecraft:stone_sword":1,"minecraft:white_bed":1},"minecraft:killed":{"minecraft:cave_spider":1,"minecraft:pig":6,"minecraft:salmon":8,"minecraft:rabbit":1,"minecraft:sheep":3,"minecraft:zombie":5},"minecraft:dropped":{"minecraft:wheat_seeds":3,"minecraft:spider_eye":1,"minecraft:string":1},"minecraft:mined":{"minecraft:dark_oak_planks":2,"minecraft:yellow_terracotta":2,"minecraft:white_bed":2,"minecraft:crafting_table":4,"minecraft:light_gray_terracotta":2,"minecraft:dark_oak_fence":4,"minecraft:grass_block":6,"minecraft:jungle_log":8,"minecraft:tall_grass":2,"minecraft:sugar_cane":4,"minecraft:white_terracotta":2,"minecraft:cactus":2,"minecraft:red_terracotta":13,"minecraft:furnace":3,"minecraft:iron_ore":9,"minecraft:grass":28,"minecraft:coal_ore":40,"minecraft:gravel":4,"minecraft:dirt":22,"minecraft:cobweb":3,"minecraft:brown_terracotta":6,"minecraft:terracotta":14,"minecraft:bamboo":10,"minecraft:stone":54,"minecraft:gold_ore":36,"minecraft:oak_leaves":2,"minecraft:fern":1},"minecraft:picked_up":{"minecraft:crafting_table":4,"minecraft:jungle_log":8,"minecraft:salmon":6,"minecraft:dirt":23,"minecraft:string":4,"minecraft:cooked_salmon":1,"minecraft:wheat_seeds":4,"minecraft:raw_gold":37,"minecraft:iron_ingot":3,"minecraft:rabbit":1,"minecraft:bamboo":21,"minecraft:sugar_cane":10,"minecraft:furnace":3,"minecraft:raw_iron":9,"minecraft:brown_terracotta":6,"minecraft:gravel":4,"minecraft:porkchop":11,"minecraft:jungle_planks":18,"minecraft:white_bed":2,"minecraft:red_terracotta":13,"minecraft:spider_eye":1,"minecraft:dark_oak_planks":2,"minecraft:light_gray_terracotta":2,"minecraft:cactus":2,"minecraft:rotten_flesh":6,"minecraft:yellow_terracotta":2,"minecraft:white_terracotta":2,"minecraft:terracotta":14,"minecraft:mutton":4,"minecraft:dark_oak_fence":5,"minecraft:white_wool":3,"minecraft:coal":110,"minecraft:rail":2,"minecraft:cobblestone":53},"minecraft:custom":{"minecraft:interact_with_furnace":16,"minecraft:mob_kills":24,"minecraft:interact_with_crafting_table":11,"minecraft:leave_game":2,"minecraft:time_since_death":41166,"minecraft:sleep_in_bed":2,"minecraft:climb_one_cm":949,"minecraft:time_since_rest":5657,"minecraft:damage_taken":512,"minecraft:sprint_one_cm":137745,"minecraft:walk_one_cm":87219,"minecraft:drop":4,"minecraft:damage_dealt":2320,"minecraft:swim_one_cm":15373,"minecraft:fly_one_cm":125542,"minecraft:crouch_one_cm":14986,"minecraft:play_time":41166,"minecraft:sneak_time":6693,"minecraft:walk_under_water_one_cm":10754,"minecraft:jump":935,"minecraft:walk_on_water_one_cm":6043,"minecraft:total_world_time":41166,"minecraft:fall_one_cm":25305},"minecraft:used":{"minecraft:cooked_mutton":1,"minecraft:water_bucket":14,"minecraft:stone_sword":32,"minecraft:rabbit":1,"minecraft:powered_rail":1,"minecraft:stone_pickaxe":91,"minecraft:wooden_pickaxe":24,"minecraft:white_terracotta":2,"minecraft:iron_sword":29,"minecraft:cooked_salmon":3,"minecraft:rotten_flesh":6,"minecraft:salmon":3,"minecraft:torch":4,"minecraft:rail":6,"minecraft:dirt":23,"minecraft:mutton":3,"minecraft:terracotta":4,"minecraft:yellow_terracotta":2,"minecraft:crafting_table":4,"minecraft:light_gray_terracotta":2,"minecraft:white_bed":2,"minecraft:brown_terracotta":6,"minecraft:lava_bucket":8,"minecraft:iron_pickaxe":87,"minecraft:red_terracotta":13,"minecraft:gravel":3,"minecraft:bamboo":2,"minecraft:stone_axe":17,"minecraft:cobblestone":37,"minecraft:furnace":3,"minecraft:porkchop":4,"minecraft:bucket":23}},"DataVersion":3465}