{"stats":{"minecraft:dropped":{"minecraft:cooked_chicken":1,"minecraft:golden_chestplate":1,"minecraft:stone_sword":1,"minecraft:feather":2,"minecraft:cooked_mutton":7,"minecraft:spider_eye":1,"minecraft:acacia_planks":1},"minecraft:crafted":{"minecraft:cooked_beef":10,"minecraft:oak_planks":16,"minecraft:cooked_porkchop":4,"minecraft:wooden_pickaxe":1,"minecraft:cooked_chicken":3,"minecraft:furnace":1,"minecraft:stone_axe":1,"minecraft:cooked_mutton":13,"minecraft:air":0,"minecraft:stick":8,"minecraft:stone_pickaxe":1,"minecraft:stone_sword":1,"minecraft:gold_ingot":2,"minecraft:white_bed":2,"minecraft:acacia_planks":24},"minecraft:picked_up":{"minecraft:crafting_table":2,"minecraft:feather":2,"minecraft:chicken":4,"minecraft:leather":7,"minecraft:wooden_pickaxe":2,"minecraft:oak_log":20,"minecraft:gunpowder":1,"minecraft:string":11,"minecraft:dirt":72,"minecraft:bone":3,"minecraft:acacia_planks":3,"minecraft:wheat_seeds":26,"minecraft:beef":10,"minecraft:stone_pickaxe":3,"minecraft:light_gray_wool":1,"minecraft:oak_planks":16,"minecraft:acacia_sapling":13,"minecraft:furnace":1,"minecraft:egg":3,"minecraft:stick":16,"minecraft:acacia_log":8,"minecraft:gravel":4,"minecraft:porkchop":8,"minecraft:white_bed":1,"minecraft:grass_block":5,"minecraft:spider_eye":1,"minecraft:stone_sword":4,"minecraft:arrow":6,"minecraft:rotten_flesh":8,"minecraft:stone_axe":3,"minecraft:oak_sapling":3,"minecraft:mutton":13,"minecraft:white_wool":8,"minecraft:cobblestone":28,"minecraft:ender_pearl":2},"minecraft:killed_by":{"minecraft:player":1,"minecraft:skeleton":1,"minecraft:zombie":1},"minecraft:killed":{"minecraft:pig":2,"minecraft:spider":2,"minecraft:creeper":2,"minecraft:sheep":9,"minecraft:skeleton":2,"minecraft:zombie":5,"minecraft:chicken":4,"minecraft:enderman":2,"minecraft:cow":6},"minecraft:custom":{"minecraft:interact_with_furnace":32,"minecraft:mob_kills":34,"minecraft:interact_with_crafting_table":6,"minecraft:leave_game":1,"minecraft:time_since_death":23395,"minecraft:sleep_in_bed":1,"minecraft:time_since_rest":4855,"minecraft:sprint_one_cm":90520,"minecraft:damage_taken":1126,"minecraft:walk_one_cm":37118,"minecraft:drop":14,"minecraft:damage_dealt":4524,"minecraft:swim_one_cm":20275,"minecraft:fly_one_cm":184409,"minecraft:open_chest":1,"minecraft:crouch_one_cm":3084,"minecraft:play_time":36456,"minecraft:deaths":3,"minecraft:sneak_time":1618,"minecraft:walk_under_water_one_cm":1418,"minecraft:jump":929,"minecraft:walk_on_water_one_cm":5075,"minecraft:total_world_time":36456,"minecraft:fall_one_cm":18019},"minecraft:used":{"minecraft:cooked_mutton":3,"minecraft:stone_sword":149,"minecraft:stone_pickaxe":13,"minecraft:wooden_pickaxe":18,"minecraft:cooked_chicken":1,"minecraft:dirt":2,"minecraft:crafting_table":1,"minecraft:white_bed":2,"minecraft:chicken":1,"minecraft:stone_axe":39,"minecraft:cobblestone":3,"minecraft:furnace":1,"minecraft:cooked_porkchop":4,"minecraft:egg":3,"minecraft:acacia_planks":1},"minecraft:mined":{"minecraft:acacia_leaves":1,"minecraft:white_bed":1,"minecraft:crafting_table":2,"minecraft:acacia_log":3,"minecraft:grass_block":6,"minecraft:tall_grass":19,"minecraft:furnace":1,"minecraft:grass":105,"minecraft:oak_log":10,"minecraft:dirt":12,"minecraft:stone":11,"minecraft:oak_leaves":3}},"DataVersion":3465}