{"stats":{"minecraft:dropped":{"minecraft:bread":1,"minecraft:iron_sword":1,"minecraft:wheat_seeds":2,"minecraft:iron_helmet":2,"minecraft:cobblestone":1,"minecraft:cut_sandstone":2,"minecraft:iron_leggings":1,"minecraft:sand":25,"minecraft:iron_axe":1,"minecraft:iron_pickaxe":2,"minecraft:string":3,"minecraft:bucket":1,"minecraft:stone_axe":2,"minecraft:cobbled_deepslate":42,"minecraft:smooth_sandstone_stairs":1,"minecraft:tuff":5,"minecraft:birch_sapling":1,"minecraft:wheat":2,"minecraft:rotten_flesh":24,"minecraft:iron_boots":1,"minecraft:name_tag":1,"minecraft:shield":2,"minecraft:iron_chestplate":2,"minecraft:oak_sapling":2,"minecraft:spider_eye":1,"minecraft:bow":2,"minecraft:wooden_pickaxe":1,"minecraft:stone_pickaxe":1},"minecraft:picked_up":{"minecraft:crafting_table":7,"minecraft:iron_chestplate":3,"minecraft:wheat":42,"minecraft:shield":2,"minecraft:string":6,"minecraft:iron_axe":2,"minecraft:raw_copper":26,"minecraft:iron_leggings":2,"minecraft:cobbled_deepslate":120,"minecraft:bucket":1,"minecraft:poppy":2,"minecraft:iron_pickaxe":3,"minecraft:melon_slice":5,"minecraft:birch_sapling":1,"minecraft:iron_boots":2,"minecraft:furnace":3,"minecraft:stick":12,"minecraft:raw_iron":134,"minecraft:composter":1,"minecraft:torch":12,"minecraft:redstone":63,"minecraft:arrow":30,"minecraft:cactus":2,"minecraft:rotten_flesh":36,"minecraft:hay_block":11,"minecraft:cobblestone":41,"minecraft:rail":69,"minecraft:water_bucket":1,"minecraft:cut_sandstone":11,"minecraft:tuff":5,"minecraft:smooth_sandstone_stairs":10,"minecraft:oak_log":39,"minecraft:gunpowder":3,"minecraft:lapis_lazuli":212,"minecraft:dirt":36,"minecraft:name_tag":1,"minecraft:smooth_sandstone":20,"minecraft:bone":30,"minecraft:apple":2,"minecraft:bow":3,"minecraft:wheat_seeds":130,"minecraft:raw_gold":45,"minecraft:iron_ingot":25,"minecraft:iron_sword":2,"minecraft:oak_planks":241,"minecraft:sand":61,"minecraft:spider_eye":1,"minecraft:diamond":4,"minecraft:stone_axe":1,"minecraft:iron_helmet":3,"minecraft:bread":1,"minecraft:oak_sapling":10,"minecraft:melon_seeds":1,"minecraft:coal":88},"minecraft:mined":{"minecraft:tuff":4,"minecraft:farmland":1,"minecraft:deepslate_diamond_ore":4,"minecraft:granite":13,"minecraft:grass_block":7,"minecraft:composter":1,"minecraft:hay_block":11,"minecraft:furnace":3,"minecraft:iron_ore":43,"minecraft:cobbled_deepslate":9,"minecraft:deepslate_lapis_ore":33,"minecraft:deepslate_iron_ore":88,"minecraft:rail":70,"minecraft:smooth_sandstone_stairs":9,"minecraft:stone":76,"minecraft:deepslate_redstone_ore":15,"minecraft:cut_sandstone":9,"minecraft:glass_pane":2,"minecraft:melon_stem":1,"minecraft:smooth_sandstone":20,"minecraft:crafting_table":7,"minecraft:torch":5,"minecraft:melon":1,"minecraft:dead_bush":5,"minecraft:cobblestone":5,"minecraft:lapis_ore":1,"minecraft:deepslate_gold_ore":45,"minecraft:oak_planks":50,"minecraft:wall_torch":5,"minecraft:deepslate_copper_ore":8,"minecraft:cactus":1,"minecraft:wheat":48,"minecraft:grass":20,"minecraft:oak_log":39,"minecraft:coal_ore":34,"minecraft:sand":36,"minecraft:dirt":22,"minecraft:cobweb":4,"minecraft:oak_leaves":53,"minecraft:deepslate":69},"minecraft:killed":{"minecraft:spider":4,"minecraft:skeleton":23,"minecraft:husk":8,"minecraft:iron_golem":3,"minecraft:creeper":6,"minecraft:zombie":15,"minecraft:enderman":2},"minecraft:custom":{"minecraft:mob_kills":63,"minecraft:interact_with_crafting_table":34,"minecraft:bell_ring":2,"minecraft:leave_game":6,"minecraft:time_since_death":162475,"minecraft:climb_one_cm":619,"minecraft:sprint_one_cm":457189,"minecraft:walk_one_cm":340056,"minecraft:damage_blocked_by_shield":1175,"minecraft:drop":44,"minecraft:talked_to_villager":4,"minecraft:play_time":162475,"minecraft:sneak_time":17502,"minecraft:walk_under_water_one_cm":8719,"minecraft:jump":2674,"minecraft:walk_on_water_one_cm":9422,"minecraft:total_world_time":162475,"minecraft:interact_with_furnace":39,"minecraft:sleep_in_bed":4,"minecraft:time_since_rest":14172,"minecraft:damage_taken":2224,"minecraft:damage_dealt":15592,"minecraft:swim_one_cm":22801,"minecraft:fly_one_cm":437747,"minecraft:player_kills":1,"minecraft:open_chest":31,"minecraft:crouch_one_cm":52524,"minecraft:interact_with_smoker":1,"minecraft:fall_one_cm":65811},"minecraft:used":{"minecraft:stone_sword":98,"minecraft:chest":3,"minecraft:shield":26,"minecraft:iron_sword":147,"minecraft:smooth_sandstone_stairs":9,"minecraft:rotten_flesh":12,"minecraft:torch":17,"minecraft:dirt":17,"minecraft:iron_hoe":19,"minecraft:iron_axe":74,"minecraft:smooth_sandstone":13,"minecraft:iron_boots":1,"minecraft:furnace":5,"minecraft:cobbled_deepslate":70,"minecraft:wheat_seeds":63,"minecraft:water_bucket":65,"minecraft:stone_pickaxe":253,"minecraft:oak_planks":69,"minecraft:smooth_sandstone_slab":1,"minecraft:cactus":2,"minecraft:wooden_pickaxe":16,"minecraft:cut_sandstone":6,"minecraft:sand":33,"minecraft:crafting_table":9,"minecraft:apple":4,"minecraft:melon_slice":5,"minecraft:bread":47,"minecraft:oak_button":1,"minecraft:iron_pickaxe":306,"minecraft:stone_axe":63,"minecraft:cobblestone":21,"minecraft:bucket":66,"minecraft:bone_meal":90},"minecraft:broken":{"minecraft:stone_pickaxe":1,"minecraft:iron_pickaxe":1},"minecraft:crafted":{"minecraft:oak_planks":136,"minecraft:furnace":2,"minecraft:bone_meal":90,"minecraft:iron_boots":1,"minecraft:iron_axe":2,"minecraft:iron_hoe":1,"minecraft:stone_pickaxe":2,"minecraft:chest":3,"minecraft:oak_button":1,"minecraft:wheat":99,"minecraft:crafting_table":2,"minecraft:wooden_pickaxe":1,"minecraft:iron_helmet":2,"minecraft:iron_sword":2,"minecraft:bucket":2,"minecraft:stone_axe":1,"minecraft:bread":45,"minecraft:air":0,"minecraft:smooth_sandstone_slab":6,"minecraft:iron_chestplate":2,"minecraft:shield":3,"minecraft:stick":20,"minecraft:iron_pickaxe":3,"minecraft:iron_ingot":122,"minecraft:stone_sword":1,"minecraft:iron_leggings":2,"minecraft:torch":12}},"DataVersion":3465}