{"stats":{"minecraft:broken":{"minecraft:stone_sword":1},"minecraft:dropped":{"minecraft:gravel":1,"minecraft:wheat_seeds":19,"minecraft:cooked_chicken":1,"minecraft:golden_chestplate":1,"minecraft:stone_sword":1,"minecraft:feather":2,"minecraft:cooked_mutton":7,"minecraft:gunpowder":1,"minecraft:acacia_sapling":9,"minecraft:spider_eye":2,"minecraft:string":6,"minecraft:acacia_planks":1},"minecraft:crafted":{"minecraft:cooked_beef":10,"minecraft:oak_planks":40,"minecraft:cooked_porkchop":4,"minecraft:wooden_pickaxe":1,"minecraft:cooked_chicken":3,"minecraft:iron_sword":1,"minecraft:furnace":1,"minecraft:stone_axe":1,"minecraft:cooked_mutton":13,"minecraft:air":0,"minecraft:shield":1,"minecraft:stick":8,"minecraft:stone_pickaxe":1,"minecraft:stone_sword":1,"minecraft:gold_ingot":2,"minecraft:white_bed":2,"minecraft:acacia_planks":24,"minecraft:golden_sword":1},"minecraft:picked_up":{"minecraft:crafting_table":4,"minecraft:feather":2,"minecraft:chicken":4,"minecraft:leather":8,"minecraft:wooden_pickaxe":2,"minecraft:oak_log":20,"minecraft:gunpowder":1,"minecraft:dirt":76,"minecraft:string":14,"minecraft:bone":3,"minecraft:acacia_planks":3,"minecraft:wheat_seeds":29,"minecraft:iron_ingot":4,"minecraft:beef":11,"minecraft:stone_pickaxe":3,"minecraft:light_gray_wool":2,"minecraft:acacia_sapling":13,"minecraft:oak_planks":23,"minecraft:egg":3,"minecraft:furnace":1,"minecraft:raw_iron":2,"minecraft:stick":16,"minecraft:acacia_log":8,"minecraft:gravel":4,"minecraft:porkchop":8,"minecraft:white_bed":1,"minecraft:grass_block":5,"minecraft:spider_eye":2,"minecraft:stone_sword":4,"minecraft:arrow":6,"minecraft:rotten_flesh":9,"minecraft:stone_axe":3,"minecraft:hay_block":23,"minecraft:oak_sapling":3,"minecraft:mutton":17,"minecraft:white_wool":11,"minecraft:cobblestone":48,"minecraft:ender_pearl":2},"minecraft:killed_by":{"minecraft:player":1,"minecraft:skeleton":1,"minecraft:zombie":1},"minecraft:killed":{"minecraft:pig":2,"minecraft:spider":4,"minecraft:iron_golem":1,"minecraft:creeper":2,"minecraft:sheep":12,"minecraft:skeleton":2,"minecraft:zombie":7,"minecraft:chicken":4,"minecraft:enderman":2,"minecraft:cow":7},"minecraft:custom":{"minecraft:interact_with_furnace":32,"minecraft:mob_kills":43,"minecraft:interact_with_crafting_table":9,"minecraft:leave_game":1,"minecraft:time_since_death":37543,"minecraft:sleep_in_bed":2,"minecraft:time_since_rest":6708,"minecraft:sprint_one_cm":129256,"minecraft:damage_taken":1908,"minecraft:walk_one_cm":52251,"minecraft:drop":20,"minecraft:damage_dealt":6533,"minecraft:swim_one_cm":27067,"minecraft:fly_one_cm":243098,"minecraft:open_chest":3,"minecraft:crouch_one_cm":8417,"minecraft:play_time":50604,"minecraft:deaths":3,"minecraft:sneak_time":3485,"minecraft:walk_under_water_one_cm":3907,"minecraft:jump":1242,"minecraft:walk_on_water_one_cm":12774,"minecraft:total_world_time":50604,"minecraft:fall_one_cm":28613},"minecraft:used":{"minecraft:cooked_mutton":6,"minecraft:stone_sword":194,"minecraft:stone_pickaxe":37,"minecraft:oak_planks":7,"minecraft:wooden_pickaxe":18,"minecraft:cooked_chicken":2,"minecraft:dirt":9,"minecraft:crafting_table":3,"minecraft:white_bed":2,"minecraft:chicken":1,"minecraft:bread":2,"minecraft:golden_sword":22,"minecraft:light_gray_wool":1,"minecraft:stone_axe":51,"minecraft:cobblestone":3,"minecraft:furnace":1,"minecraft:cooked_porkchop":4,"minecraft:bucket":1,"minecraft:egg":3,"minecraft:cooked_beef":2,"minecraft:acacia_planks":1},"minecraft:mined":{"minecraft:acacia_leaves":1,"minecraft:white_bed":1,"minecraft:crafting_table":4,"minecraft:acacia_log":3,"minecraft:grass_block":7,"minecraft:tall_grass":19,"minecraft:oak_planks":7,"minecraft:hay_block":23,"minecraft:furnace":1,"minecraft:iron_ore":2,"minecraft:light_gray_wool":1,"minecraft:grass":128,"minecraft:oak_log":10,"minecraft:dirt":15,"minecraft:stone":31,"minecraft:oak_leaves":3}},"DataVersion":3465}