{"stats":{"minecraft:mined":{"minecraft:tall_grass":1,"minecraft:grass":16,"minecraft:cactus":1,"minecraft:dead_bush":1,"minecraft:sunflower":2},"minecraft:custom":{"minecraft:jump":124,"minecraft:time_since_rest":4025,"minecraft:damage_dealt":10,"minecraft:play_one_minute":4025,"minecraft:crouch_one_cm":38,"minecraft:damage_taken":60,"minecraft:leave_game":2,"minecraft:sprint_one_cm":8258,"minecraft:time_since_death":4025,"minecraft:walk_one_cm":5030,"minecraft:sneak_time":18,"minecraft:fall_one_cm":3060,"minecraft:drop":2,"minecraft:fly_one_cm":33178},"minecraft:picked_up":{"minecraft:sunflower":2},"minecraft:dropped":{"minecraft:sunflower":2}},"DataVersion":2586}