{"stats":{"minecraft:dropped":{"minecraft:torch":1},"minecraft:picked_up":{"minecraft:crafting_table":2,"minecraft:feather":2,"minecraft:chicken":1,"minecraft:jungle_log":6,"minecraft:leather":2,"minecraft:tuff":2,"minecraft:oak_log":23,"minecraft:gunpowder":2,"minecraft:lapis_lazuli":39,"minecraft:dirt":13,"minecraft:bone":5,"minecraft:wheat_seeds":1,"minecraft:cobbled_deepslate":13,"minecraft:iron_ingot":4,"minecraft:beef":4,"minecraft:melon_slice":23,"minecraft:sugar_cane":65,"minecraft:oak_planks":1,"minecraft:furnace":2,"minecraft:stick":4,"minecraft:raw_iron":40,"minecraft:oak_fence":1,"minecraft:torch":9,"minecraft:porkchop":7,"minecraft:diorite":3,"minecraft:arrow":7,"minecraft:diamond":1,"minecraft:coal":28,"minecraft:cobblestone":47},"minecraft:mined":{"minecraft:tuff":2,"minecraft:deepslate_diamond_ore":1,"minecraft:crafting_table":2,"minecraft:torch":6,"minecraft:grass_block":1,"minecraft:melon":5,"minecraft:jungle_log":6,"minecraft:dead_bush":4,"minecraft:cobblestone":3,"minecraft:sugar_cane":35,"minecraft:diorite":1,"minecraft:wall_torch":2,"minecraft:furnace":2,"minecraft:iron_ore":20,"minecraft:deepslate_lapis_ore":6,"minecraft:grass":7,"minecraft:oak_log":24,"minecraft:coal_ore":16,"minecraft:deepslate_iron_ore":16,"minecraft:vine":2,"minecraft:dirt":12,"minecraft:stone":41,"minecraft:deepslate":13},"minecraft:killed":{"minecraft:pig":3,"minecraft:skeleton":6,"minecraft:zombie":1,"minecraft:chicken":1,"minecraft:cow":2},"minecraft:custom":{"minecraft:interact_with_furnace":15,"minecraft:mob_kills":13,"minecraft:interact_with_crafting_table":12,"minecraft:leave_game":1,"minecraft:time_since_death":36177,"minecraft:climb_one_cm":602,"minecraft:time_since_rest":36177,"minecraft:sprint_one_cm":102705,"minecraft:damage_taken":540,"minecraft:walk_one_cm":69972,"minecraft:damage_blocked_by_shield":445,"minecraft:drop":1,"minecraft:damage_dealt":2120,"minecraft:swim_one_cm":8427,"minecraft:fly_one_cm":128003,"minecraft:crouch_one_cm":261,"minecraft:play_time":36177,"minecraft:sneak_time":278,"minecraft:walk_under_water_one_cm":1619,"minecraft:jump":655,"minecraft:walk_on_water_one_cm":6791,"minecraft:total_world_time":36177,"minecraft:fall_one_cm":17671},"minecraft:used":{"minecraft:stone_pickaxe":48,"minecraft:wooden_pickaxe":36,"minecraft:shield":16,"minecraft:sugar_cane":1,"minecraft:torch":24,"minecraft:dirt":11,"minecraft:crafting_table":4,"minecraft:tuff":2,"minecraft:wooden_axe":42,"minecraft:bread":2,"minecraft:iron_axe":25,"minecraft:melon_slice":10,"minecraft:iron_pickaxe":46,"minecraft:jungle_log":1,"minecraft:stone_axe":3,"minecraft:cobblestone":33,"minecraft:furnace":3,"minecraft:cooked_porkchop":1,"minecraft:cooked_beef":4,"minecraft:cobbled_deepslate":10},"minecraft:crafted":{"minecraft:cooked_beef":4,"minecraft:oak_planks":12,"minecraft:cooked_porkchop":5,"minecraft:crafting_table":2,"minecraft:wooden_pickaxe":1,"minecraft:furnace":1,"minecraft:stone_axe":1,"minecraft:air":0,"minecraft:jungle_planks":20,"minecraft:charcoal":2,"minecraft:shield":1,"minecraft:iron_axe":1,"minecraft:stick":12,"minecraft:iron_ingot":8,"minecraft:iron_pickaxe":1,"minecraft:stone_pickaxe":1,"minecraft:wooden_axe":1,"minecraft:torch":16}},"DataVersion":3465}