{"stats":{"minecraft:broken":{"minecraft:stone_pickaxe":1},"minecraft:crafted":{"minecraft:stone_shovel":1,"minecraft:cooked_porkchop":1,"minecraft:crafting_table":4,"minecraft:wooden_pickaxe":1,"minecraft:iron_sword":1,"minecraft:furnace":1,"minecraft:stone_axe":1,"minecraft:acacia_boat":2,"minecraft:shield":1,"minecraft:stick":24,"minecraft:iron_ingot":5,"minecraft:stone_pickaxe":2,"minecraft:stone_sword":1,"minecraft:chest":1,"minecraft:white_bed":1,"minecraft:acacia_planks":120,"minecraft:torch":20},"minecraft:picked_up":{"minecraft:crafting_table":3,"minecraft:coarse_dirt":13,"minecraft:leather":7,"minecraft:wooden_pickaxe":3,"minecraft:dirt":48,"minecraft:acacia_planks":2,"minecraft:wheat_seeds":6,"minecraft:beef":6,"minecraft:stone_pickaxe":2,"minecraft:sugar_cane":16,"minecraft:acacia_sapling":4,"minecraft:furnace":1,"minecraft:stick":40,"minecraft:raw_iron":5,"minecraft:acacia_log":90,"minecraft:gravel":3,"minecraft:porkchop":10,"minecraft:white_bed":3,"minecraft:stone_sword":2,"minecraft:rotten_flesh":14,"minecraft:stone_axe":2,"minecraft:mutton":8,"minecraft:coal":26,"minecraft:white_wool":5,"minecraft:cobblestone":107,"minecraft:ender_pearl":4},"minecraft:killed_by":{"minecraft:enderman":2},"minecraft:killed":{"minecraft:pig":5,"minecraft:skeleton":1,"minecraft:sheep":5,"minecraft:zombie":5,"minecraft:donkey":1,"minecraft:enderman":1,"minecraft:cow":5},"minecraft:custom":{"minecraft:interact_with_furnace":5,"minecraft:mob_kills":23,"minecraft:interact_with_crafting_table":13,"minecraft:leave_game":1,"minecraft:time_since_death":24686,"minecraft:sleep_in_bed":4,"minecraft:time_since_rest":9646,"minecraft:sprint_one_cm":19929,"minecraft:damage_taken":890,"minecraft:walk_one_cm":130828,"minecraft:damage_dealt":3661,"minecraft:swim_one_cm":708,"minecraft:fly_one_cm":39684,"minecraft:player_kills":1,"minecraft:open_chest":1,"minecraft:crouch_one_cm":227,"minecraft:play_time":33941,"minecraft:deaths":2,"minecraft:sneak_time":79,"minecraft:walk_under_water_one_cm":632,"minecraft:boat_one_cm":56130,"minecraft:jump":429,"minecraft:walk_on_water_one_cm":9401,"minecraft:total_world_time":33941,"minecraft:fall_one_cm":7136},"minecraft:used":{"minecraft:acacia_boat":1,"minecraft:stone_sword":93,"minecraft:acacia_log":14,"minecraft:stone_shovel":32,"minecraft:stone_pickaxe":130,"minecraft:chest":1,"minecraft:wooden_pickaxe":41,"minecraft:iron_sword":15,"minecraft:rotten_flesh":1,"minecraft:torch":11,"minecraft:dirt":5,"minecraft:crafting_table":7,"minecraft:white_bed":4,"minecraft:stone_axe":72,"minecraft:beef":4,"minecraft:cooked_porkchop":1,"minecraft:furnace":2,"minecraft:porkchop":2},"minecraft:mined":{"minecraft:acacia_leaves":14,"minecraft:white_bed":3,"minecraft:crafting_table":3,"minecraft:acacia_log":47,"minecraft:grass_block":42,"minecraft:sugar_cane":6,"minecraft:coarse_dirt":13,"minecraft:furnace":1,"minecraft:iron_ore":5,"minecraft:grass":19,"minecraft:coal_ore":20,"minecraft:gravel":2,"minecraft:dirt":11,"minecraft:stone":106}},"DataVersion":3465}