{"stats":{"minecraft:dropped":{"minecraft:raw_copper":4,"minecraft:stone_pickaxe":1},"minecraft:picked_up":{"minecraft:stripped_oak_log":2,"minecraft:birch_log":6,"minecraft:crafting_table":1,"minecraft:iron_chestplate":1,"minecraft:andesite":1,"minecraft:cut_sandstone":2,"minecraft:flint":1,"minecraft:smooth_sandstone_stairs":1,"minecraft:oak_log":116,"minecraft:shield":1,"minecraft:gunpowder":2,"minecraft:lapis_lazuli":69,"minecraft:dirt":33,"minecraft:string":13,"minecraft:raw_copper":78,"minecraft:iron_axe":1,"minecraft:iron_leggings":1,"minecraft:bone":2,"minecraft:cobbled_deepslate":52,"minecraft:bucket":1,"minecraft:stone_pickaxe":1,"minecraft:iron_pickaxe":1,"minecraft:sugar_cane":11,"minecraft:oak_planks":38,"minecraft:iron_sword":1,"minecraft:iron_boots":1,"minecraft:stick":6,"minecraft:raw_iron":38,"minecraft:sandstone":13,"minecraft:oak_fence":3,"minecraft:gravel":8,"minecraft:sand":19,"minecraft:diorite":10,"minecraft:redstone":72,"minecraft:arrow":1,"minecraft:rotten_flesh":10,"minecraft:iron_helmet":1,"minecraft:granite":2,"minecraft:terracotta":1,"minecraft:oak_sapling":4,"minecraft:coal":29,"minecraft:rail":13,"minecraft:cobblestone":361},"minecraft:mined":{"minecraft:deepslate_redstone_ore":15,"minecraft:granite":2,"minecraft:grass_block":9,"minecraft:dead_bush":3,"minecraft:copper_ore":9,"minecraft:cobblestone":1,"minecraft:lapis_ore":6,"minecraft:sugar_cane":7,"minecraft:oak_planks":35,"minecraft:diorite":10,"minecraft:sandstone":13,"minecraft:deepslate_copper_ore":14,"minecraft:magma_block":2,"minecraft:redstone_ore":1,"minecraft:birch_log":6,"minecraft:iron_ore":15,"minecraft:deepslate_lapis_ore":4,"minecraft:bee_nest":1,"minecraft:grass":2,"minecraft:oak_log":117,"minecraft:coal_ore":29,"minecraft:deepslate_iron_ore":24,"minecraft:rail":13,"minecraft:gravel":10,"minecraft:sand":17,"minecraft:dirt":21,"minecraft:stripped_oak_log":2,"minecraft:cobweb":14,"minecraft:terracotta":1,"minecraft:stone":364,"minecraft:oak_leaves":50,"minecraft:deepslate":38},"minecraft:killed_by":{"minecraft:player":1,"minecraft:creeper":4,"minecraft:zombie":3,"minecraft:iron_golem":1},"minecraft:killed":{"minecraft:skeleton":1,"minecraft:zombie":7},"minecraft:custom":{"minecraft:interact_with_furnace":9,"minecraft:mob_kills":9,"minecraft:interact_with_crafting_table":21,"minecraft:bell_ring":26,"minecraft:interact_with_grindstone":1,"minecraft:leave_game":6,"minecraft:time_since_death":0,"minecraft:sleep_in_bed":2,"minecraft:climb_one_cm":299,"minecraft:time_since_rest":56,"minecraft:sprint_one_cm":5542,"minecraft:damage_taken":2667,"minecraft:walk_one_cm":435429,"minecraft:damage_blocked_by_shield":115,"minecraft:drop":2,"minecraft:damage_dealt":2512,"minecraft:fly_one_cm":137999,"minecraft:open_chest":7,"minecraft:crouch_one_cm":262,"minecraft:play_time":137210,"minecraft:sneak_time":601,"minecraft:deaths":9,"minecraft:walk_under_water_one_cm":1828,"minecraft:jump":928,"minecraft:walk_on_water_one_cm":8442,"minecraft:total_world_time":137210,"minecraft:fall_one_cm":21490,"minecraft:horse_one_cm":2733},"minecraft:used":{"minecraft:water_bucket":1,"minecraft:stone_sword":33,"minecraft:stone_pickaxe":432,"minecraft:oak_planks":174,"minecraft:copper_block":7,"minecraft:wooden_pickaxe":95,"minecraft:shield":5,"minecraft:sandstone":13,"minecraft:iron_sword":8,"minecraft:rotten_flesh":5,"minecraft:iron_chestplate":1,"minecraft:torch":7,"minecraft:glow_berries":3,"minecraft:terracotta":1,"minecraft:dirt":13,"minecraft:sand":9,"minecraft:crafting_table":8,"minecraft:lava_bucket":1,"minecraft:iron_axe":90,"minecraft:bread":1,"minecraft:iron_pickaxe":61,"minecraft:iron_helmet":1,"minecraft:iron_boots":2,"minecraft:stone_axe":30,"minecraft:cobblestone":18,"minecraft:oak_sapling":3,"minecraft:furnace":1,"minecraft:andesite":1,"minecraft:bucket":4,"minecraft:iron_leggings":1},"minecraft:crafted":{"minecraft:oak_planks":472,"minecraft:crafting_table":8,"minecraft:wooden_pickaxe":3,"minecraft:iron_sword":1,"minecraft:furnace":1,"minecraft:copper_ingot":74,"minecraft:bucket":1,"minecraft:birch_planks":24,"minecraft:stone_axe":1,"minecraft:shield":1,"minecraft:stick":52,"minecraft:iron_ingot":13,"minecraft:iron_pickaxe":1,"minecraft:stone_pickaxe":7,"minecraft:stone_sword":2,"minecraft:copper_block":7,"minecraft:torch":68}},"DataVersion":3465}