{"stats":{"minecraft:broken":{"minecraft:stone_pickaxe":2},"minecraft:crafted":{"minecraft:stone_shovel":1,"minecraft:cooked_porkchop":1,"minecraft:crafting_table":4,"minecraft:acacia_slab":12,"minecraft:wooden_pickaxe":1,"minecraft:iron_sword":1,"minecraft:furnace":1,"minecraft:stone_axe":1,"minecraft:acacia_boat":2,"minecraft:shield":1,"minecraft:stick":28,"minecraft:iron_ingot":5,"minecraft:stone_pickaxe":4,"minecraft:stone_sword":1,"minecraft:chest":1,"minecraft:white_bed":1,"minecraft:acacia_planks":120,"minecraft:torch":56},"minecraft:picked_up":{"minecraft:crafting_table":4,"minecraft:coarse_dirt":26,"minecraft:leather":14,"minecraft:wooden_pickaxe":5,"minecraft:shield":1,"minecraft:gunpowder":1,"minecraft:acacia_boat":1,"minecraft:lapis_lazuli":6,"minecraft:dirt":240,"minecraft:raw_copper":44,"minecraft:bone":2,"minecraft:acacia_planks":58,"minecraft:wheat_seeds":16,"minecraft:stone_pickaxe":3,"minecraft:iron_ingot":2,"minecraft:beef":8,"minecraft:poppy":1,"minecraft:sugar_cane":32,"minecraft:acacia_sapling":5,"minecraft:iron_sword":1,"minecraft:furnace":2,"minecraft:stick":49,"minecraft:raw_iron":7,"minecraft:torch":9,"minecraft:acacia_log":90,"minecraft:dandelion":4,"minecraft:gravel":4,"minecraft:porkchop":18,"minecraft:diorite":39,"minecraft:white_bed":4,"minecraft:stone_sword":3,"minecraft:arrow":2,"minecraft:rotten_flesh":24,"minecraft:stone_shovel":1,"minecraft:stone_axe":3,"minecraft:mutton":17,"minecraft:coal":40,"minecraft:ender_pearl":4,"minecraft:white_wool":6,"minecraft:cobblestone":370,"minecraft:oxeye_daisy":1},"minecraft:killed_by":{"minecraft:zombie":2,"minecraft:enderman":2},"minecraft:killed":{"minecraft:pig":5,"minecraft:creeper":1,"minecraft:skeleton":2,"minecraft:sheep":6,"minecraft:donkey":1,"minecraft:zombie":9,"minecraft:enderman":1,"minecraft:cow":5},"minecraft:custom":{"minecraft:interact_with_furnace":6,"minecraft:mob_kills":30,"minecraft:interact_with_crafting_table":18,"minecraft:leave_game":2,"minecraft:time_since_death":496,"minecraft:sleep_in_bed":6,"minecraft:time_since_rest":524,"minecraft:sprint_one_cm":22733,"minecraft:damage_taken":1650,"minecraft:walk_one_cm":254225,"minecraft:damage_blocked_by_shield":700,"minecraft:damage_dealt":5038,"minecraft:swim_one_cm":708,"minecraft:fly_one_cm":41823,"minecraft:player_kills":1,"minecraft:open_chest":1,"minecraft:crouch_one_cm":2581,"minecraft:play_time":55191,"minecraft:sneak_time":504,"minecraft:deaths":4,"minecraft:walk_under_water_one_cm":632,"minecraft:boat_one_cm":56130,"minecraft:jump":595,"minecraft:walk_on_water_one_cm":9401,"minecraft:total_world_time":55191,"minecraft:fall_one_cm":11273},"minecraft:used":{"minecraft:acacia_boat":1,"minecraft:stone_sword":93,"minecraft:acacia_log":14,"minecraft:stone_pickaxe":312,"minecraft:stone_shovel":94,"minecraft:poppy":1,"minecraft:chest":1,"minecraft:wooden_pickaxe":41,"minecraft:shield":19,"minecraft:iron_sword":55,"minecraft:rotten_flesh":1,"minecraft:torch":38,"minecraft:dirt":11,"minecraft:mutton":9,"minecraft:crafting_table":8,"minecraft:white_bed":5,"minecraft:oxeye_daisy":1,"minecraft:acacia_slab":12,"minecraft:stone_axe":72,"minecraft:cobblestone":18,"minecraft:beef":6,"minecraft:porkchop":2,"minecraft:furnace":3,"minecraft:cooked_porkchop":1,"minecraft:dandelion":4},"minecraft:mined":{"minecraft:acacia_leaves":14,"minecraft:white_bed":4,"minecraft:dandelion":5,"minecraft:crafting_table":4,"minecraft:acacia_log":47,"minecraft:grass_block":94,"minecraft:poppy":1,"minecraft:tall_grass":1,"minecraft:copper_ore":6,"minecraft:cobblestone":3,"minecraft:lapis_ore":1,"minecraft:sugar_cane":6,"minecraft:diorite":39,"minecraft:oxeye_daisy":1,"minecraft:coarse_dirt":13,"minecraft:furnace":2,"minecraft:iron_ore":7,"minecraft:azure_bluet":1,"minecraft:grass":26,"minecraft:coal_ore":20,"minecraft:gravel":2,"minecraft:dirt":17,"minecraft:stone":234}},"DataVersion":3465}