{"stats":{"minecraft:dropped":{"minecraft:white_wool":1},"minecraft:picked_up":{"minecraft:crafting_table":4,"minecraft:coarse_dirt":52,"minecraft:leather":28,"minecraft:wooden_pickaxe":13,"minecraft:smoker":2,"minecraft:shield":5,"minecraft:gunpowder":5,"minecraft:acacia_boat":5,"minecraft:lapis_lazuli":30,"minecraft:dirt":595,"minecraft:white_banner":1,"minecraft:raw_copper":88,"minecraft:bone":7,"minecraft:acacia_planks":264,"minecraft:bow":1,"minecraft:wheat_seeds":48,"minecraft:stone_pickaxe":7,"minecraft:iron_ingot":10,"minecraft:beef":8,"minecraft:acacia_sign":2,"minecraft:poppy":1,"minecraft:sugar_cane":96,"minecraft:oak_planks":94,"minecraft:acacia_sapling":9,"minecraft:iron_sword":3,"minecraft:furnace":3,"minecraft:stick":49,"minecraft:raw_iron":37,"minecraft:torch":81,"minecraft:acacia_log":90,"minecraft:dandelion":4,"minecraft:gravel":8,"minecraft:porkchop":18,"minecraft:blast_furnace":2,"minecraft:diorite":195,"minecraft:white_bed":7,"minecraft:stone_sword":7,"minecraft:arrow":6,"minecraft:rotten_flesh":44,"minecraft:stone_shovel":5,"minecraft:stone_axe":7,"minecraft:mutton":19,"minecraft:coal":51,"minecraft:ender_pearl":4,"minecraft:white_wool":9,"minecraft:cobblestone":793,"minecraft:oxeye_daisy":1},"minecraft:mined":{"minecraft:acacia_leaves":14,"minecraft:white_bed":7,"minecraft:smoker":2,"minecraft:dandelion":5,"minecraft:crafting_table":4,"minecraft:blast_furnace":2,"minecraft:acacia_log":47,"minecraft:grass_block":97,"minecraft:poppy":1,"minecraft:tall_grass":1,"minecraft:copper_ore":6,"minecraft:cobblestone":3,"minecraft:lapis_ore":1,"minecraft:sugar_cane":6,"minecraft:oxeye_daisy":1,"minecraft:diorite":39,"minecraft:coarse_dirt":13,"minecraft:furnace":3,"minecraft:iron_ore":19,"minecraft:white_wall_banner":1,"minecraft:azure_bluet":1,"minecraft:grass":26,"minecraft:coal_ore":23,"minecraft:gravel":5,"minecraft:dirt":21,"minecraft:stone":283,"minecraft:acacia_wall_sign":2},"minecraft:killed_by":{"minecraft:player":2,"minecraft:creeper":1,"minecraft:zombie":4,"minecraft:enderman":2},"minecraft:killed":{"minecraft:pig":7,"minecraft:bat":3,"minecraft:creeper":1,"minecraft:skeleton":6,"minecraft:sheep":7,"minecraft:donkey":1,"minecraft:zombie":11,"minecraft:enderman":1,"minecraft:cow":5},"minecraft:custom":{"minecraft:interact_with_furnace":6,"minecraft:mob_kills":42,"minecraft:interact_with_crafting_table":19,"minecraft:leave_game":15,"minecraft:time_since_death":0,"minecraft:sleep_in_bed":6,"minecraft:climb_one_cm":3105,"minecraft:time_since_rest":305,"minecraft:sprint_one_cm":63710,"minecraft:damage_taken":3298,"minecraft:walk_one_cm":351454,"minecraft:damage_blocked_by_shield":1010,"minecraft:drop":1,"minecraft:damage_dealt":7133,"minecraft:swim_one_cm":1260,"minecraft:fly_one_cm":124399,"minecraft:player_kills":1,"minecraft:open_chest":11,"minecraft:crouch_one_cm":4694,"minecraft:play_time":87829,"minecraft:sneak_time":859,"minecraft:deaths":10,"minecraft:walk_under_water_one_cm":4330,"minecraft:boat_one_cm":56130,"minecraft:jump":1134,"minecraft:interact_with_blast_furnace":2,"minecraft:walk_on_water_one_cm":18875,"minecraft:interact_with_smoker":1,"minecraft:total_world_time":87829,"minecraft:fall_one_cm":33120},"minecraft:used":{"minecraft:cooked_mutton":3,"minecraft:acacia_boat":1,"minecraft:stone_sword":93,"minecraft:acacia_log":14,"minecraft:stone_pickaxe":387,"minecraft:stone_shovel":94,"minecraft:poppy":1,"minecraft:chest":1,"minecraft:wooden_pickaxe":41,"minecraft:shield":40,"minecraft:iron_sword":91,"minecraft:rotten_flesh":2,"minecraft:torch":38,"minecraft:dirt":18,"minecraft:mutton":9,"minecraft:crafting_table":8,"minecraft:white_bed":6,"minecraft:oxeye_daisy":1,"minecraft:acacia_sign":2,"minecraft:iron_pickaxe":5,"minecraft:acacia_slab":12,"minecraft:stone_axe":72,"minecraft:cobblestone":19,"minecraft:beef":6,"minecraft:porkchop":2,"minecraft:furnace":3,"minecraft:cooked_porkchop":1,"minecraft:acacia_planks":5,"minecraft:dandelion":4},"minecraft:crafted":{"minecraft:stone_shovel":1,"minecraft:cooked_porkchop":1,"minecraft:crafting_table":4,"minecraft:acacia_slab":12,"minecraft:wooden_pickaxe":1,"minecraft:iron_sword":1,"minecraft:furnace":1,"minecraft:stone_axe":1,"minecraft:acacia_boat":2,"minecraft:shield":1,"minecraft:stick":32,"minecraft:iron_pickaxe":1,"minecraft:iron_ingot":12,"minecraft:stone_pickaxe":4,"minecraft:stone_sword":1,"minecraft:chest":1,"minecraft:white_bed":1,"minecraft:acacia_planks":120,"minecraft:torch":56},"minecraft:broken":{"minecraft:stone_pickaxe":2}},"DataVersion":3465}