{"stats":{"minecraft:picked_up":{"minecraft:crafting_table":4,"minecraft:coarse_dirt":52,"minecraft:leather":28,"minecraft:wooden_pickaxe":13,"minecraft:shield":5,"minecraft:gunpowder":5,"minecraft:acacia_boat":5,"minecraft:lapis_lazuli":30,"minecraft:dirt":589,"minecraft:white_banner":1,"minecraft:raw_copper":88,"minecraft:bone":6,"minecraft:acacia_planks":264,"minecraft:bow":1,"minecraft:wheat_seeds":48,"minecraft:stone_pickaxe":7,"minecraft:iron_ingot":10,"minecraft:beef":8,"minecraft:acacia_sign":2,"minecraft:poppy":1,"minecraft:sugar_cane":96,"minecraft:acacia_sapling":9,"minecraft:iron_sword":3,"minecraft:furnace":2,"minecraft:stick":49,"minecraft:raw_iron":30,"minecraft:torch":81,"minecraft:acacia_log":90,"minecraft:dandelion":4,"minecraft:gravel":6,"minecraft:porkchop":18,"minecraft:diorite":195,"minecraft:white_bed":5,"minecraft:stone_sword":7,"minecraft:arrow":6,"minecraft:rotten_flesh":44,"minecraft:stone_shovel":5,"minecraft:stone_axe":7,"minecraft:mutton":17,"minecraft:coal":40,"minecraft:ender_pearl":4,"minecraft:white_wool":8,"minecraft:cobblestone":768,"minecraft:oxeye_daisy":1},"minecraft:mined":{"minecraft:acacia_leaves":14,"minecraft:white_bed":5,"minecraft:dandelion":5,"minecraft:crafting_table":4,"minecraft:acacia_log":47,"minecraft:grass_block":94,"minecraft:poppy":1,"minecraft:tall_grass":1,"minecraft:copper_ore":6,"minecraft:cobblestone":3,"minecraft:lapis_ore":1,"minecraft:sugar_cane":6,"minecraft:oxeye_daisy":1,"minecraft:diorite":39,"minecraft:coarse_dirt":13,"minecraft:furnace":2,"minecraft:iron_ore":12,"minecraft:white_wall_banner":1,"minecraft:azure_bluet":1,"minecraft:grass":26,"minecraft:coal_ore":20,"minecraft:gravel":2,"minecraft:dirt":18,"minecraft:stone":259,"minecraft:acacia_wall_sign":2},"minecraft:killed_by":{"minecraft:player":2,"minecraft:creeper":1,"minecraft:zombie":4,"minecraft:enderman":2},"minecraft:killed":{"minecraft:pig":5,"minecraft:bat":1,"minecraft:creeper":1,"minecraft:skeleton":4,"minecraft:sheep":6,"minecraft:donkey":1,"minecraft:zombie":10,"minecraft:enderman":1,"minecraft:cow":5},"minecraft:custom":{"minecraft:interact_with_furnace":6,"minecraft:mob_kills":34,"minecraft:interact_with_crafting_table":18,"minecraft:leave_game":14,"minecraft:time_since_death":11339,"minecraft:sleep_in_bed":6,"minecraft:time_since_rest":12161,"minecraft:sprint_one_cm":36287,"minecraft:damage_taken":2958,"minecraft:walk_one_cm":300469,"minecraft:damage_blocked_by_shield":1010,"minecraft:damage_dealt":5984,"minecraft:swim_one_cm":1260,"minecraft:fly_one_cm":61026,"minecraft:player_kills":1,"minecraft:open_chest":4,"minecraft:crouch_one_cm":3505,"minecraft:play_time":74123,"minecraft:sneak_time":714,"minecraft:deaths":9,"minecraft:walk_under_water_one_cm":3388,"minecraft:boat_one_cm":56130,"minecraft:jump":756,"minecraft:walk_on_water_one_cm":12373,"minecraft:total_world_time":74123,"minecraft:fall_one_cm":21066},"minecraft:used":{"minecraft:acacia_boat":1,"minecraft:stone_sword":93,"minecraft:acacia_log":14,"minecraft:stone_pickaxe":344,"minecraft:stone_shovel":94,"minecraft:poppy":1,"minecraft:chest":1,"minecraft:wooden_pickaxe":41,"minecraft:shield":40,"minecraft:iron_sword":66,"minecraft:rotten_flesh":2,"minecraft:torch":38,"minecraft:dirt":18,"minecraft:mutton":9,"minecraft:crafting_table":8,"minecraft:white_bed":6,"minecraft:oxeye_daisy":1,"minecraft:acacia_sign":2,"minecraft:acacia_slab":12,"minecraft:stone_axe":72,"minecraft:cobblestone":19,"minecraft:beef":6,"minecraft:porkchop":2,"minecraft:furnace":3,"minecraft:cooked_porkchop":1,"minecraft:acacia_planks":5,"minecraft:dandelion":4},"minecraft:crafted":{"minecraft:stone_shovel":1,"minecraft:cooked_porkchop":1,"minecraft:crafting_table":4,"minecraft:acacia_slab":12,"minecraft:wooden_pickaxe":1,"minecraft:iron_sword":1,"minecraft:furnace":1,"minecraft:stone_axe":1,"minecraft:acacia_boat":2,"minecraft:shield":1,"minecraft:stick":28,"minecraft:iron_ingot":5,"minecraft:stone_pickaxe":4,"minecraft:stone_sword":1,"minecraft:chest":1,"minecraft:white_bed":1,"minecraft:acacia_planks":120,"minecraft:torch":56},"minecraft:broken":{"minecraft:stone_pickaxe":2}},"DataVersion":3465}