{"stats":{"minecraft:crafted":{"minecraft:cooked_porkchop":1,"minecraft:crafting_table":3,"minecraft:stick":24,"minecraft:wooden_pickaxe":1,"minecraft:stone_pickaxe":1,"minecraft:stone_sword":1,"minecraft:white_bed":1,"minecraft:acacia_planks":120,"minecraft:torch":20,"minecraft:stone_axe":1,"minecraft:acacia_boat":1},"minecraft:picked_up":{"minecraft:coarse_dirt":6,"minecraft:raw_iron":3,"minecraft:crafting_table":1,"minecraft:stick":40,"minecraft:leather":2,"minecraft:acacia_log":90,"minecraft:wooden_pickaxe":3,"minecraft:gravel":3,"minecraft:porkchop":10,"minecraft:white_bed":1,"minecraft:dirt":32,"minecraft:stone_sword":2,"minecraft:rotten_flesh":14,"minecraft:acacia_planks":2,"minecraft:stone_axe":2,"minecraft:wheat_seeds":2,"minecraft:beef":1,"minecraft:stone_pickaxe":2,"minecraft:coal":12,"minecraft:sugar_cane":16,"minecraft:mutton":7,"minecraft:acacia_sapling":4,"minecraft:white_wool":4,"minecraft:cobblestone":76,"minecraft:ender_pearl":4},"minecraft:killed_by":{"minecraft:enderman":2},"minecraft:killed":{"minecraft:sheep":4,"minecraft:skeleton":1,"minecraft:donkey":1,"minecraft:zombie":5,"minecraft:pig":5,"minecraft:cow":1,"minecraft:enderman":1},"minecraft:custom":{"minecraft:time_since_rest":2429,"minecraft:interact_with_furnace":2,"minecraft:sprint_one_cm":10312,"minecraft:damage_taken":840,"minecraft:walk_one_cm":99089,"minecraft:mob_kills":18,"minecraft:damage_dealt":3181,"minecraft:interact_with_crafting_table":7,"minecraft:fly_one_cm":11945,"minecraft:player_kills":1,"minecraft:play_time":21941,"minecraft:deaths":2,"minecraft:sneak_time":4,"minecraft:walk_under_water_one_cm":464,"minecraft:boat_one_cm":56130,"minecraft:jump":251,"minecraft:leave_game":1,"minecraft:walk_on_water_one_cm":4847,"minecraft:time_since_death":12686,"minecraft:sleep_in_bed":2,"minecraft:total_world_time":21941,"minecraft:fall_one_cm":2148},"minecraft:used":{"minecraft:acacia_boat":1,"minecraft:stone_sword":93,"minecraft:acacia_log":14,"minecraft:stone_pickaxe":81,"minecraft:wooden_pickaxe":41,"minecraft:rotten_flesh":1,"minecraft:stone_axe":72,"minecraft:torch":11,"minecraft:dirt":5,"minecraft:crafting_table":3,"minecraft:porkchop":2,"minecraft:cooked_porkchop":1,"minecraft:white_bed":2},"minecraft:mined":{"minecraft:coarse_dirt":13,"minecraft:acacia_leaves":14,"minecraft:white_bed":1,"minecraft:iron_ore":3,"minecraft:crafting_table":1,"minecraft:grass":15,"minecraft:acacia_log":47,"minecraft:grass_block":8,"minecraft:coal_ore":12,"minecraft:gravel":2,"minecraft:dirt":11,"minecraft:stone":71,"minecraft:sugar_cane":6}},"DataVersion":3465}