{"stats":{"minecraft:crafted":{"minecraft:cooked_porkchop":1,"minecraft:crafting_table":1,"minecraft:stick":24,"minecraft:wooden_pickaxe":1,"minecraft:stone_pickaxe":1,"minecraft:stone_sword":1,"minecraft:acacia_planks":20,"minecraft:stone_axe":1},"minecraft:picked_up":{"minecraft:stick":40,"minecraft:wooden_pickaxe":3,"minecraft:acacia_log":90,"minecraft:gravel":3,"minecraft:porkchop":2,"minecraft:dirt":28,"minecraft:stone_sword":2,"minecraft:acacia_planks":2,"minecraft:rotten_flesh":14,"minecraft:stone_axe":2,"minecraft:stone_pickaxe":2,"minecraft:acacia_sapling":4,"minecraft:cobblestone":46,"minecraft:ender_pearl":4},"minecraft:killed_by":{"minecraft:enderman":2},"minecraft:killed":{"minecraft:skeleton":1,"minecraft:zombie":4,"minecraft:pig":1,"minecraft:enderman":1},"minecraft:custom":{"minecraft:time_since_rest":2430,"minecraft:interact_with_furnace":2,"minecraft:damage_taken":840,"minecraft:walk_one_cm":60262,"minecraft:mob_kills":7,"minecraft:damage_dealt":1913,"minecraft:interact_with_crafting_table":5,"minecraft:player_kills":1,"minecraft:fly_one_cm":1594,"minecraft:play_time":11653,"minecraft:deaths":2,"minecraft:sneak_time":1,"minecraft:jump":116,"minecraft:leave_game":1,"minecraft:time_since_death":2398,"minecraft:total_world_time":11653,"minecraft:fall_one_cm":1463},"minecraft:used":{"minecraft:stone_sword":55,"minecraft:acacia_log":14,"minecraft:stone_pickaxe":17,"minecraft:wooden_pickaxe":41,"minecraft:rotten_flesh":1,"minecraft:stone_axe":63,"minecraft:dirt":5,"minecraft:crafting_table":1,"minecraft:porkchop":2,"minecraft:cooked_porkchop":1},"minecraft:mined":{"minecraft:acacia_leaves":14,"minecraft:grass":5,"minecraft:acacia_log":47,"minecraft:grass_block":6,"minecraft:gravel":2,"minecraft:dirt":9,"minecraft:stone":40}},"DataVersion":3465}