{"stats":{"minecraft:crafted":{"minecraft:acacia_planks":8,"minecraft:crafting_table":1,"minecraft:stick":4},"minecraft:picked_up":{"minecraft:acacia_planks":2,"minecraft:wooden_pickaxe":1,"minecraft:acacia_log":2,"minecraft:dirt":5,"minecraft:cobblestone":14},"minecraft:custom":{"minecraft:time_since_rest":5545,"minecraft:crouch_one_cm":1743,"minecraft:play_time":5545,"minecraft:sprint_one_cm":778,"minecraft:damage_taken":30,"minecraft:walk_one_cm":3557,"minecraft:sneak_time":1040,"minecraft:jump":12,"minecraft:damage_dealt":10,"minecraft:leave_game":3,"minecraft:time_since_death":5545,"minecraft:total_world_time":5545,"minecraft:interact_with_crafting_table":1,"minecraft:fall_one_cm":778,"minecraft:fly_one_cm":3284},"minecraft:used":{"minecraft:crafting_table":1,"minecraft:wooden_pickaxe":17},"minecraft:mined":{"minecraft:grass":1,"minecraft:acacia_log":3,"minecraft:grass_block":1,"minecraft:acacia_leaves":4,"minecraft:dirt":4,"minecraft:stone":14}},"DataVersion":3465}