{"stats":{"minecraft:broken":{"minecraft:wooden_pickaxe":1},"minecraft:crafted":{"minecraft:stick":16,"minecraft:wooden_pickaxe":1,"minecraft:stone_pickaxe":1,"minecraft:stone_sword":1,"minecraft:acacia_planks":56,"minecraft:stone_axe":1},"minecraft:picked_up":{"minecraft:stick":2,"minecraft:feather":2,"minecraft:pumpkin":5,"minecraft:acacia_log":15,"minecraft:oak_log":5,"minecraft:white_bed":1,"minecraft:string":2,"minecraft:spider_eye":2,"minecraft:lapis_lazuli":13,"minecraft:golden_chestplate":1,"minecraft:dirt":8,"minecraft:cooked_mutton":5,"minecraft:rotten_flesh":1,"minecraft:wheat_seeds":4,"minecraft:cooked_chicken":1,"minecraft:black_wool":1,"minecraft:oak_sapling":1,"minecraft:mutton":5,"minecraft:sugar_cane":6,"minecraft:acacia_sapling":1,"minecraft:coal":14,"minecraft:white_wool":3,"minecraft:cobblestone":67},"minecraft:killed_by":{"minecraft:enderman":1},"minecraft:killed":{"minecraft:sheep":4,"minecraft:zombie":1,"minecraft:zombie_villager":1,"minecraft:spider":1},"minecraft:custom":{"minecraft:time_since_rest":27646,"minecraft:sprint_one_cm":716,"minecraft:damage_taken":806,"minecraft:walk_one_cm":193466,"minecraft:mob_kills":7,"minecraft:damage_dealt":985,"minecraft:interact_with_crafting_table":4,"minecraft:fly_one_cm":1112,"minecraft:play_time":49414,"minecraft:deaths":1,"minecraft:sneak_time":18,"minecraft:walk_under_water_one_cm":4229,"minecraft:jump":377,"minecraft:leave_game":2,"minecraft:walk_on_water_one_cm":7936,"minecraft:time_since_death":48063,"minecraft:sleep_in_bed":2,"minecraft:climb_one_cm":6028,"minecraft:total_world_time":49414,"minecraft:fall_one_cm":6661},"minecraft:used":{"minecraft:cooked_mutton":5,"minecraft:stone_sword":57,"minecraft:acacia_log":1,"minecraft:stone_pickaxe":30,"minecraft:wooden_pickaxe":60,"minecraft:cooked_chicken":1,"minecraft:stone_axe":38,"minecraft:dirt":3},"minecraft:mined":{"minecraft:white_bed":1,"minecraft:jungle_leaves":8,"minecraft:birch_leaves":1,"minecraft:pumpkin":5,"minecraft:oak_log":5,"minecraft:grass":6,"minecraft:acacia_log":16,"minecraft:grass_block":7,"minecraft:coal_ore":17,"minecraft:vine":2,"minecraft:lapis_ore":2,"minecraft:stone":68,"minecraft:sugar_cane":2,"minecraft:oak_leaves":24}},"DataVersion":3465}