{"stats":{"minecraft:broken":{"minecraft:wooden_pickaxe":1},"minecraft:crafted":{"minecraft:stick":16,"minecraft:wooden_pickaxe":1,"minecraft:stone_pickaxe":1,"minecraft:stone_sword":1,"minecraft:acacia_planks":56,"minecraft:stone_axe":1},"minecraft:picked_up":{"minecraft:stick":2,"minecraft:feather":2,"minecraft:acacia_log":15,"minecraft:white_bed":1,"minecraft:string":2,"minecraft:spider_eye":2,"minecraft:lapis_lazuli":13,"minecraft:golden_chestplate":1,"minecraft:dirt":7,"minecraft:cooked_mutton":5,"minecraft:rotten_flesh":1,"minecraft:wheat_seeds":4,"minecraft:cooked_chicken":1,"minecraft:mutton":1,"minecraft:sugar_cane":6,"minecraft:acacia_sapling":1,"minecraft:coal":12,"minecraft:white_wool":1,"minecraft:cobblestone":66},"minecraft:killed_by":{"minecraft:enderman":1},"minecraft:killed":{"minecraft:sheep":1,"minecraft:zombie":1,"minecraft:zombie_villager":1,"minecraft:spider":1},"minecraft:custom":{"minecraft:time_since_rest":9646,"minecraft:sprint_one_cm":716,"minecraft:damage_taken":441,"minecraft:walk_one_cm":116457,"minecraft:mob_kills":4,"minecraft:damage_dealt":745,"minecraft:interact_with_crafting_table":4,"minecraft:fly_one_cm":809,"minecraft:play_time":31414,"minecraft:deaths":1,"minecraft:walk_under_water_one_cm":4229,"minecraft:jump":196,"minecraft:leave_game":2,"minecraft:walk_on_water_one_cm":7936,"minecraft:time_since_death":30063,"minecraft:sleep_in_bed":2,"minecraft:total_world_time":31414,"minecraft:fall_one_cm":2193},"minecraft:used":{"minecraft:cooked_mutton":1,"minecraft:stone_sword":14,"minecraft:acacia_log":1,"minecraft:stone_pickaxe":26,"minecraft:wooden_pickaxe":60,"minecraft:cooked_chicken":1,"minecraft:stone_axe":28,"minecraft:dirt":3},"minecraft:mined":{"minecraft:white_bed":1,"minecraft:birch_leaves":1,"minecraft:grass":6,"minecraft:acacia_log":16,"minecraft:grass_block":6,"minecraft:coal_ore":15,"minecraft:lapis_ore":2,"minecraft:stone":67,"minecraft:sugar_cane":2,"minecraft:oak_leaves":1}},"DataVersion":3465}