{"stats":{"minecraft:broken":{"minecraft:wooden_pickaxe":1},"minecraft:dropped":{"minecraft:stone_sword":1},"minecraft:crafted":{"minecraft:wooden_pickaxe":1,"minecraft:stone_axe":1,"minecraft:stick":16,"minecraft:stone_pickaxe":1,"minecraft:stone_sword":1,"minecraft:acacia_planks":56},"minecraft:picked_up":{"minecraft:feather":2,"minecraft:oak_log":11,"minecraft:yellow_bed":1,"minecraft:dirt":8,"minecraft:cornflower":2,"minecraft:lapis_lazuli":13,"minecraft:string":2,"minecraft:cooked_mutton":5,"minecraft:wheat_seeds":4,"minecraft:cooked_chicken":1,"minecraft:poppy":2,"minecraft:sugar_cane":6,"minecraft:acacia_sapling":1,"minecraft:stick":2,"minecraft:pumpkin":5,"minecraft:acacia_log":15,"minecraft:dandelion":2,"minecraft:porkchop":3,"minecraft:white_bed":2,"minecraft:golden_chestplate":1,"minecraft:spider_eye":2,"minecraft:stone_sword":1,"minecraft:rotten_flesh":1,"minecraft:hay_block":1,"minecraft:oak_sapling":1,"minecraft:black_wool":2,"minecraft:mutton":6,"minecraft:coal":14,"minecraft:white_wool":3,"minecraft:cobblestone":67},"minecraft:killed_by":{"minecraft:enderman":1},"minecraft:killed":{"minecraft:pig":1,"minecraft:zombie_villager":1,"minecraft:spider":1,"minecraft:sheep":5,"minecraft:zombie":1},"minecraft:custom":{"minecraft:mob_kills":9,"minecraft:interact_with_crafting_table":4,"minecraft:leave_game":2,"minecraft:time_since_death":60063,"minecraft:sleep_in_bed":3,"minecraft:climb_one_cm":6028,"minecraft:time_since_rest":2227,"minecraft:sprint_one_cm":863,"minecraft:damage_taken":896,"minecraft:walk_one_cm":296535,"minecraft:drop":1,"minecraft:damage_dealt":1165,"minecraft:fly_one_cm":1217,"minecraft:open_chest":1,"minecraft:crouch_one_cm":101,"minecraft:play_time":61414,"minecraft:deaths":1,"minecraft:sneak_time":282,"minecraft:walk_under_water_one_cm":4229,"minecraft:jump":523,"minecraft:walk_on_water_one_cm":10852,"minecraft:total_world_time":61414,"minecraft:fall_one_cm":8984},"minecraft:used":{"minecraft:cooked_mutton":5,"minecraft:stone_sword":70,"minecraft:acacia_log":1,"minecraft:stone_pickaxe":30,"minecraft:wooden_pickaxe":60,"minecraft:cooked_chicken":1,"minecraft:dirt":3,"minecraft:mutton":4,"minecraft:white_bed":1,"minecraft:stone_axe":57},"minecraft:mined":{"minecraft:white_bed":2,"minecraft:jungle_leaves":8,"minecraft:dandelion":2,"minecraft:cornflower":2,"minecraft:acacia_log":16,"minecraft:grass_block":7,"minecraft:poppy":2,"minecraft:tall_grass":3,"minecraft:lapis_ore":2,"minecraft:sugar_cane":2,"minecraft:hay_block":2,"minecraft:birch_leaves":1,"minecraft:pumpkin":5,"minecraft:yellow_bed":1,"minecraft:grass":6,"minecraft:coal_ore":17,"minecraft:oak_log":11,"minecraft:vine":2,"minecraft:stone":68,"minecraft:oak_leaves":33}},"DataVersion":3465}