{"stats":{"minecraft:crafted":{"minecraft:acacia_planks":12,"minecraft:wooden_pickaxe":1},"minecraft:picked_up":{"minecraft:stick":2,"minecraft:feather":2,"minecraft:wheat_seeds":2,"minecraft:acacia_log":4,"minecraft:cooked_chicken":1,"minecraft:acacia_sapling":1,"minecraft:spider_eye":2,"minecraft:dirt":1,"minecraft:cobblestone":8},"minecraft:killed_by":{"minecraft:enderman":1},"minecraft:custom":{"minecraft:time_since_rest":6109,"minecraft:deaths":1,"minecraft:play_time":7414,"minecraft:damage_taken":300,"minecraft:walk_one_cm":19950,"minecraft:jump":19,"minecraft:damage_dealt":10,"minecraft:leave_game":2,"minecraft:time_since_death":6063,"minecraft:total_world_time":7414,"minecraft:interact_with_crafting_table":2,"minecraft:fly_one_cm":424},"minecraft:used":{"minecraft:acacia_log":1,"minecraft:wooden_pickaxe":10},"minecraft:mined":{"minecraft:grass":2,"minecraft:acacia_log":4,"minecraft:stone":9}},"DataVersion":3465}