{"stats":{"minecraft:broken":{"minecraft:stone_axe":1,"minecraft:wooden_pickaxe":1},"minecraft:dropped":{"minecraft:stone_axe":1,"minecraft:stone_sword":1},"minecraft:crafted":{"minecraft:wooden_pickaxe":1,"minecraft:stone_axe":1,"minecraft:stick":16,"minecraft:stone_pickaxe":1,"minecraft:stone_sword":1,"minecraft:acacia_planks":56},"minecraft:picked_up":{"minecraft:birch_log":12,"minecraft:feather":2,"minecraft:oak_log":11,"minecraft:yellow_bed":1,"minecraft:dirt":8,"minecraft:cornflower":2,"minecraft:lapis_lazuli":13,"minecraft:string":2,"minecraft:cooked_mutton":5,"minecraft:wheat_seeds":4,"minecraft:cooked_chicken":1,"minecraft:poppy":2,"minecraft:sugar_cane":8,"minecraft:acacia_sapling":1,"minecraft:stick":2,"minecraft:pumpkin":5,"minecraft:acacia_log":15,"minecraft:dandelion":2,"minecraft:porkchop":5,"minecraft:white_bed":2,"minecraft:spruce_log":2,"minecraft:golden_chestplate":1,"minecraft:spider_eye":2,"minecraft:stone_sword":1,"minecraft:rotten_flesh":1,"minecraft:stone_axe":1,"minecraft:hay_block":25,"minecraft:oak_sapling":1,"minecraft:black_wool":2,"minecraft:mutton":6,"minecraft:coal":14,"minecraft:white_wool":3,"minecraft:cobblestone":67},"minecraft:killed_by":{"minecraft:enderman":1},"minecraft:killed":{"minecraft:pig":2,"minecraft:zombie_villager":2,"minecraft:spider":1,"minecraft:sheep":5,"minecraft:zombie":1},"minecraft:custom":{"minecraft:mob_kills":11,"minecraft:interact_with_crafting_table":4,"minecraft:leave_game":3,"minecraft:time_since_death":71638,"minecraft:sleep_in_bed":3,"minecraft:climb_one_cm":6028,"minecraft:time_since_rest":13802,"minecraft:sprint_one_cm":1572,"minecraft:damage_taken":946,"minecraft:walk_one_cm":397356,"minecraft:drop":2,"minecraft:damage_dealt":1467,"minecraft:fly_one_cm":1217,"minecraft:open_chest":2,"minecraft:crouch_one_cm":101,"minecraft:play_time":72989,"minecraft:deaths":1,"minecraft:sneak_time":282,"minecraft:walk_under_water_one_cm":5700,"minecraft:jump":629,"minecraft:walk_on_water_one_cm":17540,"minecraft:total_world_time":72989,"minecraft:fall_one_cm":10485},"minecraft:used":{"minecraft:cooked_mutton":5,"minecraft:stone_sword":78,"minecraft:acacia_log":1,"minecraft:stone_pickaxe":30,"minecraft:wooden_pickaxe":60,"minecraft:cooked_chicken":1,"minecraft:dirt":3,"minecraft:mutton":6,"minecraft:white_bed":1,"minecraft:spruce_log":2,"minecraft:stone_axe":111,"minecraft:porkchop":1,"minecraft:yellow_bed":1},"minecraft:mined":{"minecraft:white_bed":2,"minecraft:jungle_leaves":8,"minecraft:dandelion":2,"minecraft:cornflower":2,"minecraft:acacia_log":16,"minecraft:grass_block":7,"minecraft:poppy":2,"minecraft:tall_grass":3,"minecraft:spruce_leaves":12,"minecraft:lapis_ore":2,"minecraft:sugar_cane":3,"minecraft:hay_block":25,"minecraft:birch_log":12,"minecraft:spruce_log":2,"minecraft:birch_leaves":1,"minecraft:pumpkin":5,"minecraft:yellow_bed":1,"minecraft:grass":7,"minecraft:coal_ore":17,"minecraft:oak_log":11,"minecraft:vine":2,"minecraft:stone":68,"minecraft:oak_leaves":40}},"DataVersion":3465}