{"stats":{"minecraft:broken":{"minecraft:wooden_pickaxe":1},"minecraft:crafted":{"minecraft:stick":4,"minecraft:wooden_pickaxe":1,"minecraft:stone_pickaxe":1,"minecraft:acacia_planks":12,"minecraft:stone_axe":1},"minecraft:picked_up":{"minecraft:stick":2,"minecraft:feather":2,"minecraft:acacia_log":15,"minecraft:spider_eye":2,"minecraft:lapis_lazuli":13,"minecraft:golden_chestplate":1,"minecraft:dirt":1,"minecraft:cooked_mutton":5,"minecraft:rotten_flesh":1,"minecraft:wheat_seeds":2,"minecraft:cooked_chicken":1,"minecraft:acacia_sapling":1,"minecraft:coal":12,"minecraft:cobblestone":66},"minecraft:killed_by":{"minecraft:enderman":1},"minecraft:killed":{"minecraft:zombie":1,"minecraft:zombie_villager":1},"minecraft:custom":{"minecraft:time_since_rest":2412,"minecraft:damage_taken":380,"minecraft:walk_one_cm":55538,"minecraft:mob_kills":2,"minecraft:damage_dealt":455,"minecraft:interact_with_crafting_table":3,"minecraft:fly_one_cm":544,"minecraft:play_time":19414,"minecraft:deaths":1,"minecraft:jump":77,"minecraft:leave_game":2,"minecraft:time_since_death":18063,"minecraft:sleep_in_bed":1,"minecraft:total_world_time":19414,"minecraft:fall_one_cm":1231},"minecraft:used":{"minecraft:acacia_log":1,"minecraft:stone_pickaxe":26,"minecraft:wooden_pickaxe":60,"minecraft:cooked_chicken":1,"minecraft:stone_axe":27},"minecraft:mined":{"minecraft:grass":2,"minecraft:acacia_log":16,"minecraft:coal_ore":15,"minecraft:lapis_ore":2,"minecraft:stone":67,"minecraft:oak_leaves":1}},"DataVersion":3465}