{"stats":{"minecraft:crafted":{"minecraft:oak_planks":44,"minecraft:stone_hoe":1,"minecraft:stone_axe":1,"minecraft:crafting_table":1,"minecraft:stick":8,"minecraft:stone_pickaxe":1,"minecraft:wooden_pickaxe":1},"minecraft:killed":{"minecraft:sheep":5},"minecraft:mined":{"minecraft:grass":8,"minecraft:grass_block":3,"minecraft:oak_log":11,"minecraft:dirt":3,"minecraft:stone":41,"minecraft:crafting_table":2},"minecraft:dropped":{"minecraft:stone_hoe":1},"minecraft:picked_up":{"minecraft:crafting_table":2,"minecraft:gray_wool":1,"minecraft:oak_log":11,"minecraft:mutton":7,"minecraft:dirt":6,"minecraft:white_wool":5,"minecraft:cobblestone":41},"minecraft:custom":{"minecraft:time_since_rest":5544,"minecraft:crouch_one_cm":3150,"minecraft:play_time":5544,"minecraft:sprint_one_cm":7656,"minecraft:damage_taken":40,"minecraft:walk_one_cm":9245,"minecraft:sneak_time":2496,"minecraft:mob_kills":5,"minecraft:drop":1,"minecraft:jump":87,"minecraft:damage_dealt":435,"minecraft:time_since_death":5544,"minecraft:total_world_time":5544,"minecraft:interact_with_crafting_table":2,"minecraft:fall_one_cm":5426,"minecraft:fly_one_cm":12722},"minecraft:used":{"minecraft:stone_axe":1,"minecraft:dirt":6,"minecraft:crafting_table":2,"minecraft:stone_pickaxe":6,"minecraft:wooden_pickaxe":35}},"DataVersion":3465}