{"stats":{"minecraft:crafted":{"minecraft:oak_planks":44,"minecraft:cooked_porkchop":6,"minecraft:crafting_table":1,"minecraft:wooden_pickaxe":1,"minecraft:iron_helmet":1,"minecraft:iron_sword":1,"minecraft:furnace":2,"minecraft:stone_axe":1,"minecraft:air":0,"minecraft:flint_and_steel":1,"minecraft:iron_boots":1,"minecraft:iron_chestplate":1,"minecraft:shield":1,"minecraft:stick":16,"minecraft:iron_ingot":50,"minecraft:iron_pickaxe":1,"minecraft:stone_pickaxe":1,"minecraft:iron_leggings":1,"minecraft:white_bed":1,"minecraft:torch":8,"minecraft:stone_hoe":1},"minecraft:killed":{"minecraft:pig":4,"minecraft:spider":3,"minecraft:bat":1,"minecraft:sheep":5,"minecraft:zombie":3},"minecraft:mined":{"minecraft:white_bed":3,"minecraft:crafting_table":6,"minecraft:torch":2,"minecraft:granite":1,"minecraft:grass_block":4,"minecraft:tall_grass":1,"minecraft:lapis_ore":6,"minecraft:diorite":2,"minecraft:wall_torch":4,"minecraft:furnace":4,"minecraft:iron_ore":50,"minecraft:fire":1,"minecraft:andesite":6,"minecraft:grass":16,"minecraft:oak_log":11,"minecraft:coal_ore":70,"minecraft:gravel":2,"minecraft:dirt":5,"minecraft:smooth_basalt":1,"minecraft:terracotta":1,"minecraft:stone":75},"minecraft:dropped":{"minecraft:stone_hoe":1,"minecraft:iron_ingot":5,"minecraft:wheat":4,"minecraft:rotten_flesh":2,"minecraft:granite":1,"minecraft:pumpkin_seeds":3,"minecraft:music_disc_13":1,"minecraft:dirt":3,"minecraft:diorite":2,"minecraft:beetroot_seeds":1,"minecraft:andesite":6,"minecraft:wooden_pickaxe":1,"minecraft:string":8,"minecraft:music_disc_cat":3,"minecraft:smooth_basalt":1},"minecraft:picked_up":{"minecraft:crafting_table":7,"minecraft:iron_chestplate":1,"minecraft:water_bucket":1,"minecraft:andesite":6,"minecraft:flint":2,"minecraft:oak_log":11,"minecraft:shield":1,"minecraft:lapis_lazuli":86,"minecraft:dirt":10,"minecraft:iron_leggings":1,"minecraft:cooked_mutton":12,"minecraft:bone":4,"minecraft:wheat_seeds":3,"minecraft:iron_ingot":34,"minecraft:stone_pickaxe":1,"minecraft:iron_pickaxe":1,"minecraft:iron_sword":1,"minecraft:oak_planks":20,"minecraft:iron_boots":1,"minecraft:furnace":6,"minecraft:stick":3,"minecraft:raw_iron":50,"minecraft:smooth_basalt":1,"minecraft:cooked_porkchop":4,"minecraft:torch":11,"minecraft:gravel":2,"minecraft:porkchop":6,"minecraft:diorite":2,"minecraft:white_bed":3,"minecraft:iron_horse_armor":1,"minecraft:rotten_flesh":2,"minecraft:stone_axe":1,"minecraft:iron_helmet":1,"minecraft:granite":1,"minecraft:gray_wool":1,"minecraft:terracotta":1,"minecraft:mutton":7,"minecraft:coal":202,"minecraft:white_wool":6,"minecraft:cobblestone":86},"minecraft:custom":{"minecraft:interact_with_furnace":35,"minecraft:mob_kills":16,"minecraft:interact_with_crafting_table":15,"minecraft:leave_game":1,"minecraft:time_since_death":5084,"minecraft:sleep_in_bed":1,"minecraft:time_since_rest":5111,"minecraft:sprint_one_cm":59152,"minecraft:damage_taken":532,"minecraft:walk_one_cm":60602,"minecraft:drop":42,"minecraft:damage_dealt":1859,"minecraft:swim_one_cm":656,"minecraft:fly_one_cm":83406,"minecraft:open_chest":5,"minecraft:crouch_one_cm":14658,"minecraft:play_time":41300,"minecraft:deaths":1,"minecraft:sneak_time":7604,"minecraft:walk_under_water_one_cm":2452,"minecraft:jump":645,"minecraft:walk_on_water_one_cm":10257,"minecraft:total_world_time":41300,"minecraft:fall_one_cm":26009},"minecraft:used":{"minecraft:cooked_mutton":3,"minecraft:water_bucket":8,"minecraft:flint_and_steel":2,"minecraft:stone_pickaxe":121,"minecraft:wooden_pickaxe":35,"minecraft:white_wool":1,"minecraft:iron_chestplate":2,"minecraft:torch":11,"minecraft:dirt":6,"minecraft:crafting_table":6,"minecraft:white_bed":4,"minecraft:lava_bucket":2,"minecraft:bread":1,"minecraft:iron_pickaxe":64,"minecraft:iron_boots":1,"minecraft:stone_axe":37,"minecraft:cobblestone":48,"minecraft:furnace":4,"minecraft:cooked_porkchop":2,"minecraft:bucket":11,"minecraft:gray_wool":1,"minecraft:iron_leggings":2}},"DataVersion":3465}