{"stats":{"minecraft:crafted":{"minecraft:oak_planks":44,"minecraft:cooked_porkchop":6,"minecraft:crafting_table":1,"minecraft:wooden_pickaxe":1,"minecraft:iron_helmet":1,"minecraft:iron_sword":1,"minecraft:furnace":2,"minecraft:stone_axe":1,"minecraft:air":0,"minecraft:flint_and_steel":1,"minecraft:iron_boots":1,"minecraft:iron_chestplate":1,"minecraft:shield":1,"minecraft:stick":16,"minecraft:iron_ingot":50,"minecraft:iron_pickaxe":1,"minecraft:stone_pickaxe":1,"minecraft:iron_leggings":1,"minecraft:white_bed":1,"minecraft:torch":8,"minecraft:stone_hoe":1},"minecraft:killed":{"minecraft:pig":4,"minecraft:spider":3,"minecraft:bat":1,"minecraft:sheep":5,"minecraft:zombie":3,"minecraft:ghast":1,"minecraft:wither_skeleton":3,"minecraft:blaze":4},"minecraft:killed_by":{"minecraft:wither_skeleton":1,"minecraft:blaze":1},"minecraft:mined":{"minecraft:brown_mushroom":5,"minecraft:white_bed":3,"minecraft:crafting_table":6,"minecraft:torch":2,"minecraft:nether_bricks":7,"minecraft:granite":1,"minecraft:grass_block":7,"minecraft:chest":2,"minecraft:tall_grass":3,"minecraft:lapis_ore":6,"minecraft:nether_wart":19,"minecraft:diorite":2,"minecraft:wall_torch":4,"minecraft:furnace":4,"minecraft:iron_ore":50,"minecraft:fire":5,"minecraft:andesite":6,"minecraft:nether_brick_fence":1,"minecraft:grass":25,"minecraft:oak_log":11,"minecraft:coal_ore":70,"minecraft:gravel":2,"minecraft:dirt":8,"minecraft:smooth_basalt":1,"minecraft:terracotta":1,"minecraft:stone":75},"minecraft:dropped":{"minecraft:stone_hoe":1,"minecraft:iron_ingot":5,"minecraft:stone_axe":1,"minecraft:wheat_seeds":2,"minecraft:nether_wart":1,"minecraft:wheat":4,"minecraft:cobblestone":1,"minecraft:rotten_flesh":2,"minecraft:granite":1,"minecraft:pumpkin_seeds":3,"minecraft:music_disc_13":1,"minecraft:dirt":4,"minecraft:gunpowder":1,"minecraft:diorite":2,"minecraft:beetroot_seeds":1,"minecraft:andesite":6,"minecraft:golden_sword":1,"minecraft:wooden_pickaxe":1,"minecraft:string":8,"minecraft:music_disc_cat":3,"minecraft:smooth_basalt":1,"minecraft:terracotta":1},"minecraft:picked_up":{"minecraft:crafting_table":7,"minecraft:iron_chestplate":1,"minecraft:nether_brick_fence":1,"minecraft:nether_wart":20,"minecraft:water_bucket":1,"minecraft:andesite":6,"minecraft:brown_mushroom":4,"minecraft:flint":2,"minecraft:oak_log":11,"minecraft:golden_sword":3,"minecraft:shield":1,"minecraft:gunpowder":1,"minecraft:lapis_lazuli":86,"minecraft:dirt":15,"minecraft:iron_leggings":1,"minecraft:cooked_mutton":12,"minecraft:bone":7,"minecraft:wheat_seeds":5,"minecraft:iron_ingot":34,"minecraft:stone_pickaxe":1,"minecraft:iron_pickaxe":1,"minecraft:chest":2,"minecraft:iron_sword":1,"minecraft:oak_planks":20,"minecraft:iron_boots":1,"minecraft:furnace":6,"minecraft:stick":3,"minecraft:raw_iron":50,"minecraft:smooth_basalt":1,"minecraft:cooked_porkchop":4,"minecraft:torch":11,"minecraft:gravel":2,"minecraft:porkchop":6,"minecraft:diorite":2,"minecraft:white_bed":3,"minecraft:iron_horse_armor":1,"minecraft:rotten_flesh":2,"minecraft:stone_axe":1,"minecraft:nether_bricks":7,"minecraft:iron_helmet":1,"minecraft:granite":1,"minecraft:gray_wool":1,"minecraft:terracotta":1,"minecraft:blaze_rod":2,"minecraft:mutton":7,"minecraft:coal":203,"minecraft:white_wool":6,"minecraft:cobblestone":87},"minecraft:custom":{"minecraft:interact_with_furnace":35,"minecraft:mob_kills":24,"minecraft:interact_with_crafting_table":15,"minecraft:leave_game":1,"minecraft:time_since_death":1591,"minecraft:sleep_in_bed":1,"minecraft:time_since_rest":1620,"minecraft:sprint_one_cm":140576,"minecraft:damage_taken":1952,"minecraft:walk_one_cm":115604,"minecraft:drop":51,"minecraft:damage_dealt":3785,"minecraft:swim_one_cm":656,"minecraft:fly_one_cm":206248,"minecraft:open_chest":17,"minecraft:crouch_one_cm":21327,"minecraft:play_time":59300,"minecraft:deaths":4,"minecraft:sneak_time":10250,"minecraft:walk_under_water_one_cm":3321,"minecraft:jump":1178,"minecraft:walk_on_water_one_cm":11343,"minecraft:total_world_time":59300,"minecraft:fall_one_cm":48672},"minecraft:used":{"minecraft:cooked_mutton":7,"minecraft:water_bucket":9,"minecraft:flint_and_steel":4,"minecraft:stone_pickaxe":121,"minecraft:oak_planks":3,"minecraft:wooden_pickaxe":35,"minecraft:iron_sword":56,"minecraft:white_wool":1,"minecraft:iron_chestplate":3,"minecraft:torch":11,"minecraft:dirt":11,"minecraft:crafting_table":6,"minecraft:white_bed":4,"minecraft:golden_chestplate":1,"minecraft:lava_bucket":3,"minecraft:bread":1,"minecraft:iron_pickaxe":77,"minecraft:iron_boots":1,"minecraft:gravel":2,"minecraft:stone_axe":39,"minecraft:cobblestone":51,"minecraft:furnace":4,"minecraft:cooked_porkchop":5,"minecraft:bucket":13,"minecraft:gray_wool":1,"minecraft:iron_leggings":2}},"DataVersion":3465}