{"stats":{"minecraft:crafted":{"minecraft:oak_planks":44,"minecraft:cooked_porkchop":6,"minecraft:crafting_table":1,"minecraft:wooden_pickaxe":1,"minecraft:furnace":2,"minecraft:stone_axe":1,"minecraft:air":0,"minecraft:iron_chestplate":1,"minecraft:shield":1,"minecraft:stick":12,"minecraft:iron_ingot":50,"minecraft:iron_pickaxe":1,"minecraft:stone_pickaxe":1,"minecraft:iron_leggings":1,"minecraft:white_bed":1,"minecraft:stone_hoe":1,"minecraft:torch":8},"minecraft:killed":{"minecraft:pig":4,"minecraft:spider":3,"minecraft:bat":1,"minecraft:sheep":5,"minecraft:zombie":3},"minecraft:mined":{"minecraft:white_bed":1,"minecraft:crafting_table":5,"minecraft:torch":1,"minecraft:granite":1,"minecraft:grass_block":4,"minecraft:lapis_ore":6,"minecraft:diorite":2,"minecraft:wall_torch":4,"minecraft:furnace":4,"minecraft:iron_ore":50,"minecraft:andesite":6,"minecraft:grass":15,"minecraft:coal_ore":70,"minecraft:oak_log":11,"minecraft:dirt":5,"minecraft:smooth_basalt":1,"minecraft:stone":75},"minecraft:dropped":{"minecraft:stone_hoe":1,"minecraft:wheat":4,"minecraft:rotten_flesh":2,"minecraft:granite":1,"minecraft:pumpkin_seeds":3,"minecraft:diorite":1,"minecraft:andesite":6,"minecraft:beetroot_seeds":1,"minecraft:wooden_pickaxe":1,"minecraft:string":8,"minecraft:smooth_basalt":1},"minecraft:picked_up":{"minecraft:crafting_table":5,"minecraft:andesite":6,"minecraft:oak_log":11,"minecraft:lapis_lazuli":43,"minecraft:dirt":9,"minecraft:cooked_mutton":7,"minecraft:furnace":4,"minecraft:raw_iron":50,"minecraft:smooth_basalt":1,"minecraft:torch":6,"minecraft:porkchop":6,"minecraft:diorite":2,"minecraft:white_bed":1,"minecraft:rotten_flesh":2,"minecraft:granite":1,"minecraft:gray_wool":1,"minecraft:mutton":7,"minecraft:coal":141,"minecraft:white_wool":5,"minecraft:cobblestone":75},"minecraft:custom":{"minecraft:interact_with_furnace":34,"minecraft:mob_kills":16,"minecraft:interact_with_crafting_table":13,"minecraft:time_since_death":29544,"minecraft:time_since_rest":29544,"minecraft:sprint_one_cm":44886,"minecraft:damage_taken":176,"minecraft:walk_one_cm":40382,"minecraft:drop":29,"minecraft:damage_dealt":1855,"minecraft:swim_one_cm":118,"minecraft:fly_one_cm":50527,"minecraft:open_chest":3,"minecraft:crouch_one_cm":14533,"minecraft:play_time":29544,"minecraft:sneak_time":7522,"minecraft:walk_under_water_one_cm":1976,"minecraft:jump":416,"minecraft:walk_on_water_one_cm":6478,"minecraft:total_world_time":29544,"minecraft:fall_one_cm":14747},"minecraft:used":{"minecraft:cooked_mutton":1,"minecraft:water_bucket":3,"minecraft:stone_pickaxe":121,"minecraft:wooden_pickaxe":35,"minecraft:iron_chestplate":1,"minecraft:white_wool":1,"minecraft:torch":10,"minecraft:dirt":6,"minecraft:crafting_table":5,"minecraft:white_bed":1,"minecraft:bread":1,"minecraft:iron_pickaxe":63,"minecraft:stone_axe":36,"minecraft:cobblestone":25,"minecraft:furnace":4,"minecraft:cooked_porkchop":2,"minecraft:bucket":4,"minecraft:gray_wool":1,"minecraft:iron_leggings":1}},"DataVersion":3465}