{"stats":{"minecraft:crafted":{"minecraft:oak_planks":44,"minecraft:iron_chestplate":1,"minecraft:cooked_porkchop":6,"minecraft:shield":1,"minecraft:crafting_table":1,"minecraft:stick":12,"minecraft:iron_pickaxe":1,"minecraft:iron_ingot":19,"minecraft:wooden_pickaxe":1,"minecraft:stone_pickaxe":1,"minecraft:iron_leggings":1,"minecraft:furnace":2,"minecraft:torch":4,"minecraft:stone_hoe":1,"minecraft:stone_axe":1,"minecraft:air":0},"minecraft:killed":{"minecraft:sheep":5,"minecraft:zombie":2,"minecraft:pig":4,"minecraft:spider":3,"minecraft:bat":1},"minecraft:mined":{"minecraft:furnace":2,"minecraft:iron_ore":26,"minecraft:crafting_table":4,"minecraft:grass":15,"minecraft:oak_log":11,"minecraft:grass_block":3,"minecraft:coal_ore":52,"minecraft:dirt":3,"minecraft:lapis_ore":1,"minecraft:stone":51,"minecraft:wall_torch":2},"minecraft:dropped":{"minecraft:stone_hoe":1},"minecraft:picked_up":{"minecraft:raw_iron":26,"minecraft:crafting_table":4,"minecraft:torch":2,"minecraft:porkchop":6,"minecraft:oak_log":11,"minecraft:lapis_lazuli":6,"minecraft:dirt":6,"minecraft:cooked_mutton":7,"minecraft:rotten_flesh":2,"minecraft:gray_wool":1,"minecraft:mutton":7,"minecraft:coal":62,"minecraft:white_wool":5,"minecraft:cobblestone":51,"minecraft:furnace":2},"minecraft:custom":{"minecraft:time_since_rest":17544,"minecraft:interact_with_furnace":20,"minecraft:sprint_one_cm":33021,"minecraft:damage_taken":126,"minecraft:walk_one_cm":29225,"minecraft:mob_kills":15,"minecraft:drop":1,"minecraft:damage_dealt":1654,"minecraft:open_chest":2,"minecraft:interact_with_crafting_table":10,"minecraft:fly_one_cm":37373,"minecraft:crouch_one_cm":10816,"minecraft:play_time":17544,"minecraft:sneak_time":5597,"minecraft:walk_under_water_one_cm":219,"minecraft:jump":266,"minecraft:walk_on_water_one_cm":4664,"minecraft:time_since_death":17544,"minecraft:total_world_time":17544,"minecraft:fall_one_cm":10026},"minecraft:used":{"minecraft:stone_pickaxe":91,"minecraft:iron_pickaxe":6,"minecraft:wooden_pickaxe":35,"minecraft:iron_chestplate":1,"minecraft:torch":6,"minecraft:white_wool":1,"minecraft:stone_axe":31,"minecraft:dirt":6,"minecraft:crafting_table":4,"minecraft:furnace":2,"minecraft:cooked_porkchop":2,"minecraft:gray_wool":1,"minecraft:iron_leggings":1}},"DataVersion":3465}