{"stats":{"minecraft:crafted":{"minecraft:oak_planks":92,"minecraft:iron_chestplate":1,"minecraft:shield":1,"minecraft:iron_axe":1,"minecraft:crafting_table":2,"minecraft:stick":16,"minecraft:iron_pickaxe":1,"minecraft:iron_ingot":15,"minecraft:wooden_pickaxe":1,"minecraft:stone_pickaxe":1,"minecraft:wooden_axe":1,"minecraft:white_bed":1,"minecraft:furnace":2,"minecraft:stone_axe":1,"minecraft:air":0,"minecraft:jungle_planks":24},"minecraft:killed":{"minecraft:skeleton":1,"minecraft:sheep":7,"minecraft:zombie":1,"minecraft:pig":6,"minecraft:creeper":1},"minecraft:mined":{"minecraft:furnace":2,"minecraft:iron_ore":15,"minecraft:andesite":6,"minecraft:crafting_table":3,"minecraft:granite":13,"minecraft:grass":22,"minecraft:coal_ore":20,"minecraft:grass_block":1,"minecraft:oak_log":23,"minecraft:brown_wool":1,"minecraft:vine":4,"minecraft:jungle_log":7,"minecraft:dirt":5,"minecraft:stone":40,"minecraft:fern":2,"minecraft:oak_leaves":1},"minecraft:picked_up":{"minecraft:crafting_table":3,"minecraft:raw_iron":15,"minecraft:jungle_log":7,"minecraft:andesite":6,"minecraft:brown_wool":2,"minecraft:porkchop":12,"minecraft:oak_log":23,"minecraft:gunpowder":2,"minecraft:dirt":6,"minecraft:rotten_flesh":2,"minecraft:wheat_seeds":2,"minecraft:granite":13,"minecraft:gray_wool":1,"minecraft:black_wool":1,"minecraft:mutton":10,"minecraft:coal":38,"minecraft:white_wool":3,"minecraft:cobblestone":40,"minecraft:furnace":2},"minecraft:custom":{"minecraft:time_since_rest":17681,"minecraft:interact_with_furnace":10,"minecraft:sprint_one_cm":16208,"minecraft:damage_taken":94,"minecraft:walk_one_cm":37537,"minecraft:mob_kills":16,"minecraft:damage_dealt":1831,"minecraft:interact_with_crafting_table":9,"minecraft:fly_one_cm":35528,"minecraft:crouch_one_cm":1945,"minecraft:play_time":17681,"minecraft:sneak_time":1091,"minecraft:jump":338,"minecraft:time_since_death":17681,"minecraft:climb_one_cm":399,"minecraft:total_world_time":17681,"minecraft:fall_one_cm":5648},"minecraft:used":{"minecraft:iron_axe":46,"minecraft:stone_pickaxe":92,"minecraft:brown_wool":1,"minecraft:wooden_pickaxe":9,"minecraft:stone_axe":14,"minecraft:dirt":6,"minecraft:crafting_table":5,"minecraft:furnace":2,"minecraft:porkchop":4}},"DataVersion":3465}