{"stats":{"minecraft:dropped":{"minecraft:wheat_seeds":1,"minecraft:oak_fence":2,"minecraft:granite":1,"minecraft:diorite":17,"minecraft:dead_bush":2,"minecraft:iron_axe":1,"minecraft:cactus":1,"minecraft:string":6,"minecraft:bone":3,"minecraft:stone_axe":1,"minecraft:raw_copper":3,"minecraft:birch_sapling":1,"minecraft:oak_planks":3,"minecraft:sandstone_wall":1,"minecraft:poppy":7,"minecraft:flower_pot":1,"minecraft:spider_eye":1,"minecraft:magma_block":1},"minecraft:picked_up":{"minecraft:wooden_axe":1,"minecraft:cocoa_beans":21,"minecraft:crafting_table":10,"minecraft:iron_chestplate":1,"minecraft:chicken":2,"minecraft:ladder":2,"minecraft:flower_pot":1,"minecraft:wooden_pickaxe":1,"minecraft:shield":2,"minecraft:string":8,"minecraft:raw_copper":3,"minecraft:iron_axe":2,"minecraft:iron_leggings":2,"minecraft:iron_shovel":1,"minecraft:sea_pickle":36,"minecraft:cobbled_deepslate":40,"minecraft:beef":5,"minecraft:poppy":9,"minecraft:iron_pickaxe":1,"minecraft:chest":2,"minecraft:birch_sapling":1,"minecraft:furnace":4,"minecraft:iron_boots":1,"minecraft:egg":3,"minecraft:stick":22,"minecraft:raw_iron":183,"minecraft:sandstone":12,"minecraft:jungle_door":2,"minecraft:oak_door":1,"minecraft:oak_fence":4,"minecraft:torch":17,"minecraft:green_bed":3,"minecraft:sandstone_wall":1,"minecraft:porkchop":13,"minecraft:diorite":25,"minecraft:redstone":58,"minecraft:smooth_sandstone_slab":2,"minecraft:arrow":5,"minecraft:cactus":1,"minecraft:rotten_flesh":15,"minecraft:rail":11,"minecraft:cobblestone":337,"minecraft:birch_log":32,"minecraft:lime_bed":5,"minecraft:magma_block":17,"minecraft:feather":2,"minecraft:water_bucket":1,"minecraft:andesite":66,"minecraft:leather":2,"minecraft:birch_planks":24,"minecraft:tuff":6,"minecraft:oak_log":48,"minecraft:jungle_button":11,"minecraft:lapis_lazuli":198,"minecraft:dirt":126,"minecraft:smooth_sandstone":83,"minecraft:bone":6,"minecraft:apple":2,"minecraft:bow":4,"minecraft:wheat_seeds":21,"minecraft:rabbit_hide":2,"minecraft:stone_pickaxe":1,"minecraft:iron_ingot":30,"minecraft:rabbit":2,"minecraft:oak_planks":154,"minecraft:green_dye":4,"minecraft:lava_bucket":1,"minecraft:sand":32,"minecraft:dead_bush":2,"minecraft:spider_eye":3,"minecraft:diamond":16,"minecraft:stone_axe":2,"minecraft:iron_helmet":1,"minecraft:granite":10,"minecraft:oak_sapling":42,"minecraft:coal":135},"minecraft:mined":{"minecraft:diamond_ore":2,"minecraft:tuff":5,"minecraft:deepslate_diamond_ore":6,"minecraft:oak_door":1,"minecraft:jungle_leaves":8,"minecraft:potted_cactus":1,"minecraft:ladder":2,"minecraft:granite":10,"minecraft:grass_block":107,"minecraft:sandstone":12,"minecraft:magma_block":16,"minecraft:redstone_ore":4,"minecraft:furnace":3,"minecraft:iron_ore":90,"minecraft:andesite":38,"minecraft:deepslate_lapis_ore":5,"minecraft:deepslate_iron_ore":7,"minecraft:vine":1,"minecraft:rail":11,"minecraft:stone":213,"minecraft:green_bed":3,"minecraft:deepslate_redstone_ore":3,"minecraft:jungle_button":2,"minecraft:cut_sandstone":2,"minecraft:jungle_door":1,"minecraft:oak_fence":2,"minecraft:smooth_sandstone":80,"minecraft:crafting_table":8,"minecraft:torch":7,"minecraft:poppy":1,"minecraft:chest":2,"minecraft:dead_bush":1,"minecraft:rose_bush":1,"minecraft:copper_ore":1,"minecraft:cobblestone":5,"minecraft:lapis_ore":10,"minecraft:oak_planks":43,"minecraft:diorite":23,"minecraft:smooth_sandstone_slab":1,"minecraft:wall_torch":3,"minecraft:seagrass":2,"minecraft:birch_planks":1,"minecraft:lime_bed":4,"minecraft:sea_pickle":16,"minecraft:birch_log":19,"minecraft:grass":130,"minecraft:oak_log":48,"minecraft:coal_ore":73,"minecraft:cocoa":7,"minecraft:sand":30,"minecraft:dirt":25,"minecraft:sandstone_wall":1,"minecraft:oak_leaves":46,"minecraft:deepslate":16,"minecraft:fern":12},"minecraft:killed_by":{"minecraft:skeleton":1},"minecraft:killed":{"minecraft:spider":6,"minecraft:skeleton":4,"minecraft:chicken":1,"minecraft:husk":4,"minecraft:parrot":1,"minecraft:pig":6,"minecraft:iron_golem":5,"minecraft:rabbit":2,"minecraft:creeper":1,"minecraft:zombie":5,"minecraft:cow":2},"minecraft:custom":{"minecraft:mob_kills":37,"minecraft:interact_with_crafting_table":33,"minecraft:leave_game":4,"minecraft:time_since_death":71014,"minecraft:climb_one_cm":5077,"minecraft:damage_blocked_by_shield":450,"minecraft:sprint_one_cm":403716,"minecraft:walk_one_cm":616493,"minecraft:drop":28,"minecraft:talked_to_villager":23,"minecraft:play_time":176725,"minecraft:sneak_time":12179,"minecraft:deaths":2,"minecraft:walk_under_water_one_cm":43179,"minecraft:jump":2545,"minecraft:walk_on_water_one_cm":23531,"minecraft:total_world_time":176725,"minecraft:interact_with_furnace":49,"minecraft:sleep_in_bed":8,"minecraft:time_since_rest":34315,"minecraft:damage_taken":1224,"minecraft:damage_dealt":9014,"minecraft:swim_one_cm":63133,"minecraft:fly_one_cm":392276,"minecraft:open_chest":50,"minecraft:crouch_one_cm":26569,"minecraft:interact_with_smoker":1,"minecraft:fall_one_cm":38340},"minecraft:used":{"minecraft:iron_shovel":26,"minecraft:stone_shovel":131,"minecraft:ladder":2,"minecraft:chest":4,"minecraft:shield":16,"minecraft:iron_sword":3,"minecraft:rotten_flesh":8,"minecraft:oak_door":1,"minecraft:torch":3,"minecraft:dirt":126,"minecraft:granite":8,"minecraft:lava_bucket":1,"minecraft:iron_axe":195,"minecraft:smooth_sandstone":71,"minecraft:magma_block":14,"minecraft:furnace":5,"minecraft:egg":3,"minecraft:cooked_beef":4,"minecraft:cobbled_deepslate":21,"minecraft:water_bucket":125,"minecraft:diorite":6,"minecraft:rabbit":2,"minecraft:birch_planks":1,"minecraft:stone_pickaxe":252,"minecraft:oak_planks":130,"minecraft:wooden_pickaxe":11,"minecraft:sandstone":12,"minecraft:green_bed":2,"minecraft:sand":2,"minecraft:lime_bed":4,"minecraft:crafting_table":9,"minecraft:apple":2,"minecraft:chicken":2,"minecraft:iron_pickaxe":389,"minecraft:stone_axe":148,"minecraft:cobblestone":63,"minecraft:porkchop":9,"minecraft:cooked_porkchop":4,"minecraft:andesite":7,"minecraft:bucket":128,"minecraft:glass_pane":8,"minecraft:sea_pickle":33},"minecraft:broken":{"minecraft:stone_pickaxe":1,"minecraft:iron_axe":1,"minecraft:stone_axe":1,"minecraft:iron_pickaxe":1,"minecraft:stone_shovel":1},"minecraft:crafted":{"minecraft:oak_door":6,"minecraft:oak_planks":192,"minecraft:stone_shovel":1,"minecraft:furnace":3,"minecraft:glass_pane":48,"minecraft:glass":19,"minecraft:iron_boots":1,"minecraft:iron_axe":3,"minecraft:stone_pickaxe":2,"minecraft:chest":2,"minecraft:cooked_beef":5,"minecraft:cooked_porkchop":4,"minecraft:crafting_table":2,"minecraft:wooden_pickaxe":1,"minecraft:iron_helmet":1,"minecraft:iron_sword":1,"minecraft:birch_planks":24,"minecraft:bucket":2,"minecraft:stone_axe":2,"minecraft:air":0,"minecraft:iron_chestplate":1,"minecraft:stick":20,"minecraft:iron_ingot":55,"minecraft:iron_pickaxe":4,"minecraft:wooden_axe":1,"minecraft:iron_shovel":1,"minecraft:iron_leggings":2}},"DataVersion":3465}