{"stats":{"minecraft:crafted":{"minecraft:oak_planks":92,"minecraft:cooked_porkchop":11,"minecraft:crafting_table":2,"minecraft:wooden_pickaxe":1,"minecraft:iron_helmet":1,"minecraft:furnace":2,"minecraft:bucket":1,"minecraft:stone_axe":1,"minecraft:cooked_mutton":10,"minecraft:air":0,"minecraft:jungle_planks":24,"minecraft:iron_boots":1,"minecraft:iron_chestplate":1,"minecraft:shield":1,"minecraft:iron_axe":1,"minecraft:stick":56,"minecraft:iron_ingot":25,"minecraft:iron_pickaxe":1,"minecraft:stone_pickaxe":1,"minecraft:wooden_axe":1,"minecraft:chest":4,"minecraft:white_bed":1,"minecraft:torch":16},"minecraft:killed":{"minecraft:pig":8,"minecraft:creeper":2,"minecraft:sheep":7,"minecraft:skeleton":2,"minecraft:zombie":3},"minecraft:mined":{"minecraft:crafting_table":4,"minecraft:torch":2,"minecraft:granite":13,"minecraft:grass_block":1,"minecraft:brown_wool":1,"minecraft:jungle_log":7,"minecraft:wall_torch":1,"minecraft:furnace":2,"minecraft:fire":1,"minecraft:iron_ore":25,"minecraft:andesite":6,"minecraft:grass":29,"minecraft:oak_log":23,"minecraft:coal_ore":58,"minecraft:vine":4,"minecraft:gravel":1,"minecraft:dirt":13,"minecraft:stone":73,"minecraft:oak_leaves":1,"minecraft:fern":2},"minecraft:dropped":{"minecraft:iron_ingot":1,"minecraft:wheat_seeds":4},"minecraft:picked_up":{"minecraft:crafting_table":4,"minecraft:jungle_log":7,"minecraft:andesite":6,"minecraft:brown_wool":2,"minecraft:oak_log":23,"minecraft:gunpowder":4,"minecraft:music_disc_cat":3,"minecraft:dirt":17,"minecraft:bone":1,"minecraft:wheat_seeds":4,"minecraft:iron_ingot":3,"minecraft:furnace":2,"minecraft:raw_iron":25,"minecraft:music_disc_13":1,"minecraft:torch":3,"minecraft:porkchop":16,"minecraft:diorite":1,"minecraft:rotten_flesh":3,"minecraft:granite":13,"minecraft:gray_wool":1,"minecraft:black_wool":1,"minecraft:mutton":10,"minecraft:coal":76,"minecraft:white_wool":3,"minecraft:cobblestone":66},"minecraft:custom":{"minecraft:interact_with_furnace":47,"minecraft:mob_kills":22,"minecraft:interact_with_crafting_table":20,"minecraft:leave_game":1,"minecraft:time_since_death":41330,"minecraft:sleep_in_bed":3,"minecraft:climb_one_cm":456,"minecraft:time_since_rest":5856,"minecraft:sprint_one_cm":59149,"minecraft:damage_taken":227,"minecraft:walk_one_cm":91880,"minecraft:damage_blocked_by_shield":70,"minecraft:drop":5,"minecraft:damage_dealt":2820,"minecraft:fly_one_cm":118333,"minecraft:open_chest":3,"minecraft:crouch_one_cm":3570,"minecraft:play_time":41330,"minecraft:sneak_time":1606,"minecraft:walk_under_water_one_cm":740,"minecraft:jump":756,"minecraft:walk_on_water_one_cm":1255,"minecraft:total_world_time":41330,"minecraft:fall_one_cm":16668},"minecraft:used":{"minecraft:water_bucket":10,"minecraft:stone_pickaxe":92,"minecraft:wooden_pickaxe":9,"minecraft:chest":4,"minecraft:shield":4,"minecraft:torch":19,"minecraft:dirt":6,"minecraft:crafting_table":6,"minecraft:white_bed":1,"minecraft:iron_axe":69,"minecraft:brown_wool":1,"minecraft:iron_pickaxe":89,"minecraft:iron_helmet":1,"minecraft:stone_axe":14,"minecraft:furnace":4,"minecraft:porkchop":5,"minecraft:cooked_porkchop":3,"minecraft:bucket":11,"minecraft:andesite":2}},"DataVersion":3465}