{"stats":{"minecraft:crafted":{"minecraft:oak_planks":20,"minecraft:stone_axe":1,"minecraft:crafting_table":2,"minecraft:stick":8,"minecraft:stone_pickaxe":1,"minecraft:wooden_pickaxe":1,"minecraft:wooden_axe":1},"minecraft:killed":{"minecraft:sheep":3,"minecraft:pig":3},"minecraft:mined":{"minecraft:grass":18,"minecraft:grass_block":1,"minecraft:oak_log":5,"minecraft:dirt":3,"minecraft:iron_ore":2,"minecraft:stone":36,"minecraft:andesite":6,"minecraft:crafting_table":1},"minecraft:picked_up":{"minecraft:raw_iron":1,"minecraft:crafting_table":1,"minecraft:andesite":6,"minecraft:brown_wool":1,"minecraft:wheat_seeds":1,"minecraft:porkchop":8,"minecraft:oak_log":5,"minecraft:dirt":4,"minecraft:mutton":4,"minecraft:white_wool":1,"minecraft:cobblestone":36},"minecraft:custom":{"minecraft:time_since_rest":5681,"minecraft:crouch_one_cm":373,"minecraft:play_time":5681,"minecraft:sprint_one_cm":3926,"minecraft:walk_one_cm":11948,"minecraft:sneak_time":203,"minecraft:mob_kills":6,"minecraft:jump":96,"minecraft:damage_dealt":505,"minecraft:time_since_death":5681,"minecraft:total_world_time":5681,"minecraft:interact_with_crafting_table":3,"minecraft:fall_one_cm":1463,"minecraft:fly_one_cm":10148},"minecraft:used":{"minecraft:stone_axe":1,"minecraft:crafting_table":2,"minecraft:stone_pickaxe":39,"minecraft:wooden_pickaxe":9}},"DataVersion":3465}