{"stats":{"minecraft:crafted":{"minecraft:stone_sword":1,"minecraft:wooden_shovel":1,"minecraft:acacia_planks":28,"minecraft:stone_axe":1,"minecraft:crafting_table":1,"minecraft:stick":12,"minecraft:stone_pickaxe":1,"minecraft:wooden_pickaxe":1},"minecraft:picked_up":{"minecraft:crafting_table":2,"minecraft:acacia_log":7,"minecraft:dirt":4,"minecraft:cobblestone":16},"minecraft:custom":{"minecraft:time_since_rest":7045,"minecraft:crouch_one_cm":2579,"minecraft:play_time":7045,"minecraft:sprint_one_cm":15129,"minecraft:damage_taken":10,"minecraft:walk_one_cm":12363,"minecraft:sneak_time":1016,"minecraft:jump":116,"minecraft:leave_game":2,"minecraft:time_since_death":7045,"minecraft:total_world_time":7045,"minecraft:interact_with_crafting_table":5,"minecraft:fall_one_cm":2216,"minecraft:fly_one_cm":23880},"minecraft:used":{"minecraft:stone_axe":6,"minecraft:crafting_table":2,"minecraft:wooden_pickaxe":16,"minecraft:acacia_planks":6,"minecraft:wooden_shovel":24},"minecraft:mined":{"minecraft:grass":4,"minecraft:acacia_log":7,"minecraft:grass_block":13,"minecraft:dirt":14,"minecraft:stone":16,"minecraft:crafting_table":2}},"DataVersion":3465}