{"stats":{"minecraft:crafted":{"minecraft:oak_planks":92,"minecraft:cooked_porkchop":11,"minecraft:crafting_table":2,"minecraft:wooden_pickaxe":1,"minecraft:iron_helmet":1,"minecraft:furnace":2,"minecraft:bucket":1,"minecraft:stone_axe":1,"minecraft:cooked_mutton":10,"minecraft:air":0,"minecraft:jungle_planks":24,"minecraft:iron_boots":1,"minecraft:iron_chestplate":1,"minecraft:shield":1,"minecraft:iron_axe":1,"minecraft:stick":56,"minecraft:iron_ingot":25,"minecraft:iron_pickaxe":1,"minecraft:stone_pickaxe":1,"minecraft:wooden_axe":1,"minecraft:chest":4,"minecraft:white_bed":1,"minecraft:torch":16},"minecraft:killed":{"minecraft:pig":8,"minecraft:creeper":2,"minecraft:sheep":7,"minecraft:skeleton":2,"minecraft:zombie":3},"minecraft:killed_by":{"minecraft:wither_skeleton":1},"minecraft:mined":{"minecraft:blackstone":4,"minecraft:basalt":26,"minecraft:crafting_table":4,"minecraft:torch":2,"minecraft:nether_bricks":6,"minecraft:granite":17,"minecraft:grass_block":4,"minecraft:brown_wool":1,"minecraft:jungle_log":7,"minecraft:tall_grass":2,"minecraft:oak_planks":1,"minecraft:nether_wart":10,"minecraft:wall_torch":1,"minecraft:furnace":2,"minecraft:fire":14,"minecraft:iron_ore":26,"minecraft:andesite":6,"minecraft:grass":29,"minecraft:oak_log":23,"minecraft:coal_ore":58,"minecraft:vine":4,"minecraft:gravel":2,"minecraft:dirt":13,"minecraft:terracotta":1,"minecraft:stone":74,"minecraft:netherrack":11,"minecraft:oak_leaves":1,"minecraft:fern":2},"minecraft:dropped":{"minecraft:iron_ingot":1,"minecraft:wheat_seeds":5},"minecraft:picked_up":{"minecraft:wooden_axe":1,"minecraft:crafting_table":4,"minecraft:basalt":24,"minecraft:nether_wart":20,"minecraft:water_bucket":1,"minecraft:jungle_log":7,"minecraft:andesite":6,"minecraft:brown_wool":2,"minecraft:oak_log":23,"minecraft:shield":1,"minecraft:gunpowder":4,"minecraft:music_disc_cat":3,"minecraft:dirt":31,"minecraft:iron_axe":1,"minecraft:bone":1,"minecraft:wheat_seeds":5,"minecraft:iron_ingot":3,"minecraft:stone_pickaxe":1,"minecraft:iron_pickaxe":1,"minecraft:oak_planks":9,"minecraft:furnace":2,"minecraft:stick":40,"minecraft:raw_iron":26,"minecraft:cooked_porkchop":4,"minecraft:music_disc_13":1,"minecraft:torch":3,"minecraft:gravel":1,"minecraft:jungle_planks":22,"minecraft:porkchop":16,"minecraft:diorite":1,"minecraft:rotten_flesh":3,"minecraft:nether_bricks":6,"minecraft:iron_helmet":1,"minecraft:granite":30,"minecraft:gray_wool":2,"minecraft:gold_ingot":1,"minecraft:terracotta":3,"minecraft:netherrack":10,"minecraft:black_wool":1,"minecraft:mutton":10,"minecraft:coal":114,"minecraft:white_wool":3,"minecraft:cobblestone":85},"minecraft:custom":{"minecraft:interact_with_furnace":49,"minecraft:mob_kills":23,"minecraft:interact_with_crafting_table":20,"minecraft:leave_game":2,"minecraft:time_since_death":11517,"minecraft:sleep_in_bed":3,"minecraft:climb_one_cm":456,"minecraft:time_since_rest":11553,"minecraft:sprint_one_cm":139101,"minecraft:damage_taken":1446,"minecraft:walk_one_cm":163241,"minecraft:damage_blocked_by_shield":70,"minecraft:drop":6,"minecraft:damage_dealt":3198,"minecraft:fly_one_cm":252496,"minecraft:open_chest":8,"minecraft:crouch_one_cm":12647,"minecraft:play_time":62539,"minecraft:deaths":1,"minecraft:sneak_time":4394,"minecraft:walk_under_water_one_cm":3401,"minecraft:jump":1336,"minecraft:walk_on_water_one_cm":2106,"minecraft:total_world_time":62539,"minecraft:fall_one_cm":30977},"minecraft:used":{"minecraft:cooked_mutton":1,"minecraft:water_bucket":18,"minecraft:stone_pickaxe":94,"minecraft:oak_planks":8,"minecraft:wooden_pickaxe":9,"minecraft:chest":4,"minecraft:shield":4,"minecraft:torch":19,"minecraft:dirt":6,"minecraft:terracotta":1,"minecraft:crafting_table":6,"minecraft:jungle_planks":10,"minecraft:white_bed":1,"minecraft:granite":12,"minecraft:iron_axe":81,"minecraft:brown_wool":1,"minecraft:iron_pickaxe":144,"minecraft:iron_helmet":1,"minecraft:stone_axe":14,"minecraft:basalt":23,"minecraft:cobblestone":28,"minecraft:furnace":4,"minecraft:porkchop":5,"minecraft:cooked_porkchop":11,"minecraft:bucket":19,"minecraft:andesite":2}},"DataVersion":3465}