{"stats":{"minecraft:dropped":{"minecraft:wooden_pickaxe":1},"minecraft:crafted":{"minecraft:oak_planks":24,"minecraft:wooden_shovel":1,"minecraft:crafting_table":1,"minecraft:stick":12,"minecraft:wooden_pickaxe":1,"minecraft:stone_pickaxe":1,"minecraft:stone_sword":1,"minecraft:acacia_planks":36,"minecraft:stone_axe":1},"minecraft:picked_up":{"minecraft:stick":8,"minecraft:crafting_table":2,"minecraft:acacia_log":9,"minecraft:oak_log":6,"minecraft:dirt":4,"minecraft:rotten_flesh":4,"minecraft:acacia_planks":16,"minecraft:acacia_sapling":1,"minecraft:cobblestone":16},"minecraft:killed":{"minecraft:zombie":4},"minecraft:custom":{"minecraft:time_since_rest":11859,"minecraft:sprint_one_cm":28076,"minecraft:damage_taken":150,"minecraft:walk_one_cm":22293,"minecraft:mob_kills":4,"minecraft:drop":1,"minecraft:damage_dealt":800,"minecraft:interact_with_crafting_table":5,"minecraft:fly_one_cm":45608,"minecraft:crouch_one_cm":2727,"minecraft:play_time":11859,"minecraft:sneak_time":1099,"minecraft:jump":212,"minecraft:walk_on_water_one_cm":167,"minecraft:leave_game":3,"minecraft:time_since_death":11859,"minecraft:total_world_time":11859,"minecraft:fall_one_cm":4687},"minecraft:used":{"minecraft:stone_sword":7,"minecraft:wooden_pickaxe":16,"minecraft:wooden_shovel":24,"minecraft:rotten_flesh":1,"minecraft:stone_axe":38,"minecraft:crafting_table":2,"minecraft:acacia_sapling":1,"minecraft:acacia_planks":22},"minecraft:mined":{"minecraft:crafting_table":2,"minecraft:grass":9,"minecraft:acacia_log":8,"minecraft:grass_block":13,"minecraft:oak_log":6,"minecraft:dirt":14,"minecraft:acacia_planks":18,"minecraft:stone":16}},"DataVersion":3465}