{"stats":{"minecraft:crafted":{"minecraft:oak_planks":92,"minecraft:cooked_porkchop":7,"minecraft:crafting_table":2,"minecraft:wooden_pickaxe":1,"minecraft:furnace":2,"minecraft:stone_axe":1,"minecraft:cooked_mutton":10,"minecraft:air":0,"minecraft:jungle_planks":24,"minecraft:iron_chestplate":1,"minecraft:shield":1,"minecraft:iron_axe":1,"minecraft:stick":56,"minecraft:iron_ingot":15,"minecraft:iron_pickaxe":1,"minecraft:stone_pickaxe":1,"minecraft:wooden_axe":1,"minecraft:white_bed":1,"minecraft:torch":16},"minecraft:killed":{"minecraft:pig":8,"minecraft:creeper":2,"minecraft:sheep":7,"minecraft:skeleton":2,"minecraft:zombie":3},"minecraft:mined":{"minecraft:crafting_table":4,"minecraft:torch":2,"minecraft:granite":13,"minecraft:grass_block":1,"minecraft:brown_wool":1,"minecraft:jungle_log":7,"minecraft:wall_torch":1,"minecraft:furnace":2,"minecraft:iron_ore":19,"minecraft:andesite":6,"minecraft:grass":28,"minecraft:oak_log":23,"minecraft:coal_ore":58,"minecraft:vine":4,"minecraft:dirt":5,"minecraft:stone":46,"minecraft:oak_leaves":1,"minecraft:fern":2},"minecraft:dropped":{"minecraft:wheat_seeds":2},"minecraft:picked_up":{"minecraft:crafting_table":4,"minecraft:andesite":6,"minecraft:jungle_log":7,"minecraft:brown_wool":2,"minecraft:oak_log":23,"minecraft:gunpowder":4,"minecraft:dirt":6,"minecraft:bone":1,"minecraft:wheat_seeds":2,"minecraft:furnace":2,"minecraft:raw_iron":19,"minecraft:torch":3,"minecraft:porkchop":16,"minecraft:rotten_flesh":3,"minecraft:granite":13,"minecraft:gray_wool":1,"minecraft:black_wool":1,"minecraft:mutton":10,"minecraft:coal":76,"minecraft:white_wool":3,"minecraft:cobblestone":44},"minecraft:custom":{"minecraft:interact_with_furnace":26,"minecraft:mob_kills":22,"minecraft:interact_with_crafting_table":14,"minecraft:time_since_death":29681,"minecraft:sleep_in_bed":2,"minecraft:climb_one_cm":456,"minecraft:time_since_rest":6537,"minecraft:sprint_one_cm":48948,"minecraft:damage_taken":207,"minecraft:walk_one_cm":60116,"minecraft:damage_blocked_by_shield":70,"minecraft:drop":2,"minecraft:damage_dealt":2812,"minecraft:fly_one_cm":96497,"minecraft:crouch_one_cm":2820,"minecraft:play_time":29681,"minecraft:sneak_time":1412,"minecraft:jump":576,"minecraft:total_world_time":29681,"minecraft:fall_one_cm":12142},"minecraft:used":{"minecraft:stone_pickaxe":92,"minecraft:wooden_pickaxe":9,"minecraft:shield":4,"minecraft:torch":19,"minecraft:dirt":6,"minecraft:crafting_table":6,"minecraft:white_bed":1,"minecraft:iron_axe":68,"minecraft:brown_wool":1,"minecraft:iron_pickaxe":48,"minecraft:stone_axe":14,"minecraft:porkchop":5,"minecraft:furnace":4,"minecraft:cooked_porkchop":2}},"DataVersion":3465}