{"stats":{"minecraft:picked_up":{"minecraft:stripped_oak_log":1,"minecraft:birch_log":10,"minecraft:iron_chestplate":1,"minecraft:crafting_table":10,"minecraft:lilac":1,"minecraft:wheat":32,"minecraft:feather":1,"minecraft:cooked_beef":22,"minecraft:chicken":1,"minecraft:leather":3,"minecraft:smoker":1,"minecraft:oak_log":90,"minecraft:cobblestone_stairs":1,"minecraft:dirt":42,"minecraft:iron_leggings":1,"minecraft:cooked_mutton":2,"minecraft:bone":3,"minecraft:acacia_planks":18,"minecraft:apple":7,"minecraft:wheat_seeds":135,"minecraft:iron_ingot":5,"minecraft:beef":10,"minecraft:stone_pickaxe":1,"minecraft:sugar_cane":14,"minecraft:oak_planks":18,"minecraft:furnace":3,"minecraft:iron_boots":1,"minecraft:egg":6,"minecraft:raw_iron":6,"minecraft:stick":27,"minecraft:oak_door":1,"minecraft:pumpkin":1,"minecraft:composter":1,"minecraft:dandelion":1,"minecraft:torch":14,"minecraft:acacia_log":15,"minecraft:pointed_dripstone":6,"minecraft:white_bed":4,"minecraft:arrow":2,"minecraft:rotten_flesh":3,"minecraft:hay_block":1,"minecraft:iron_helmet":1,"minecraft:bread":64,"minecraft:oak_sapling":36,"minecraft:mutton":2,"minecraft:coal":30,"minecraft:white_wool":9,"minecraft:cobblestone":96},"minecraft:dropped":{"minecraft:oak_door":1,"minecraft:wheat_seeds":1,"minecraft:ender_pearl":2,"minecraft:feather":1,"minecraft:rotten_flesh":2,"minecraft:dirt":8,"minecraft:hay_block":1,"minecraft:stone_pickaxe":1,"minecraft:beef":5,"minecraft:dandelion":1,"minecraft:bone":2},"minecraft:mined":{"minecraft:acacia_leaves":6,"minecraft:white_bed":4,"minecraft:oak_sapling":1,"minecraft:smoker":1,"minecraft:cobblestone_stairs":1,"minecraft:dandelion":1,"minecraft:crafting_table":10,"minecraft:torch":4,"minecraft:acacia_log":15,"minecraft:grass_block":15,"minecraft:tall_grass":55,"minecraft:cobblestone":73,"minecraft:oak_planks":3,"minecraft:sugar_cane":5,"minecraft:composter":1,"minecraft:wall_torch":4,"minecraft:furnace":3,"minecraft:birch_log":11,"minecraft:iron_ore":6,"minecraft:wheat":47,"minecraft:lilac":1,"minecraft:birch_leaves":2,"minecraft:pumpkin":1,"minecraft:grass":368,"minecraft:oak_log":90,"minecraft:pointed_dripstone":6,"minecraft:coal_ore":27,"minecraft:dirt":27,"minecraft:stripped_oak_log":1,"minecraft:acacia_planks":2,"minecraft:stone":30,"minecraft:oak_leaves":31},"minecraft:killed_by":{"minecraft:creeper":1,"minecraft:zombie":2},"minecraft:killed":{"minecraft:pig":1,"minecraft:zombie_villager":1,"minecraft:spider":1,"minecraft:sheep":3,"minecraft:skeleton":3,"minecraft:chicken":1,"minecraft:cow":4},"minecraft:custom":{"minecraft:interact_with_furnace":6,"minecraft:mob_kills":14,"minecraft:interact_with_crafting_table":30,"minecraft:leave_game":8,"minecraft:time_since_death":26938,"minecraft:sleep_in_bed":11,"minecraft:time_since_rest":26992,"minecraft:sprint_one_cm":463672,"minecraft:damage_blocked_by_shield":330,"minecraft:damage_taken":2168,"minecraft:walk_one_cm":592625,"minecraft:drop":16,"minecraft:damage_dealt":2243,"minecraft:swim_one_cm":36650,"minecraft:talked_to_villager":1,"minecraft:fly_one_cm":338315,"minecraft:open_chest":29,"minecraft:crouch_one_cm":10540,"minecraft:play_time":236540,"minecraft:deaths":3,"minecraft:sneak_time":26836,"minecraft:walk_under_water_one_cm":15693,"minecraft:jump":1731,"minecraft:interact_with_blast_furnace":7,"minecraft:walk_on_water_one_cm":64612,"minecraft:total_world_time":236540,"minecraft:interact_with_smoker":4,"minecraft:fall_one_cm":28284},"minecraft:used":{"minecraft:cooked_mutton":2,"minecraft:water_bucket":1,"minecraft:cobblestone_stairs":5,"minecraft:stone_pickaxe":92,"minecraft:oak_planks":247,"minecraft:shield":10,"minecraft:ender_pearl":1,"minecraft:chest":8,"minecraft:wooden_pickaxe":60,"minecraft:iron_sword":17,"minecraft:composter":1,"minecraft:oak_door":2,"minecraft:torch":10,"minecraft:anvil":4,"minecraft:dirt":23,"minecraft:mutton":2,"minecraft:crafting_table":11,"minecraft:blast_furnace":10,"minecraft:white_bed":6,"minecraft:campfire":1,"minecraft:smoker":6,"minecraft:wooden_axe":177,"minecraft:lava_bucket":1,"minecraft:acacia_sign":3,"minecraft:bread":13,"minecraft:oak_pressure_plate":2,"minecraft:stone_axe":175,"minecraft:cobblestone":17,"minecraft:beef":5,"minecraft:oak_sapling":12,"minecraft:furnace":6,"minecraft:bucket":2,"minecraft:egg":1,"minecraft:cooked_beef":8,"minecraft:acacia_planks":8},"minecraft:broken":{"minecraft:stone_axe":1,"minecraft:wooden_axe":1},"minecraft:crafted":{"minecraft:oak_door":3,"minecraft:oak_planks":312,"minecraft:crafting_table":2,"minecraft:oak_pressure_plate":2,"minecraft:wooden_pickaxe":1,"minecraft:iron_sword":1,"minecraft:furnace":8,"minecraft:cobblestone_stairs":4,"minecraft:bucket":2,"minecraft:campfire":1,"minecraft:stone_axe":1,"minecraft:wooden_hoe":1,"minecraft:acacia_sign":3,"minecraft:shield":1,"minecraft:stick":24,"minecraft:iron_ingot":6,"minecraft:stone_pickaxe":2,"minecraft:wooden_axe":2,"minecraft:chest":6,"minecraft:white_bed":2,"minecraft:acacia_planks":60,"minecraft:torch":4,"minecraft:smoker":5}},"DataVersion":3465}