{"stats":{"minecraft:dropped":{"minecraft:rotten_flesh":2},"minecraft:crafted":{"minecraft:wooden_hoe":1,"minecraft:crafting_table":1,"minecraft:stick":24,"minecraft:wooden_pickaxe":1,"minecraft:wooden_axe":1,"minecraft:acacia_planks":48,"minecraft:torch":4,"minecraft:campfire":1},"minecraft:picked_up":{"minecraft:crafting_table":4,"minecraft:pumpkin":1,"minecraft:leather":1,"minecraft:acacia_log":15,"minecraft:oak_log":6,"minecraft:dirt":22,"minecraft:cooked_mutton":2,"minecraft:rotten_flesh":2,"minecraft:wheat_seeds":5,"minecraft:beef":5,"minecraft:sugar_cane":14,"minecraft:mutton":2,"minecraft:coal":30,"minecraft:white_wool":2,"minecraft:cobblestone":30,"minecraft:egg":5},"minecraft:killed":{"minecraft:sheep":2,"minecraft:cow":2},"minecraft:custom":{"minecraft:time_since_rest":53240,"minecraft:interact_with_furnace":1,"minecraft:sprint_one_cm":125045,"minecraft:damage_taken":392,"minecraft:walk_one_cm":101780,"minecraft:mob_kills":4,"minecraft:drop":1,"minecraft:damage_dealt":482,"minecraft:swim_one_cm":5590,"minecraft:interact_with_crafting_table":4,"minecraft:fly_one_cm":30941,"minecraft:crouch_one_cm":1161,"minecraft:play_time":53240,"minecraft:sneak_time":22089,"minecraft:walk_under_water_one_cm":3498,"minecraft:jump":283,"minecraft:leave_game":1,"minecraft:time_since_death":53240,"minecraft:walk_on_water_one_cm":11570,"minecraft:total_world_time":53240,"minecraft:fall_one_cm":4569},"minecraft:used":{"minecraft:cooked_mutton":2,"minecraft:wooden_axe":86,"minecraft:wooden_pickaxe":58,"minecraft:dirt":14,"minecraft:mutton":2,"minecraft:beef":5,"minecraft:crafting_table":4,"minecraft:egg":1},"minecraft:mined":{"minecraft:acacia_leaves":6,"minecraft:pumpkin":1,"minecraft:crafting_table":4,"minecraft:grass":78,"minecraft:oak_log":6,"minecraft:acacia_log":15,"minecraft:grass_block":3,"minecraft:coal_ore":27,"minecraft:dirt":19,"minecraft:tall_grass":14,"minecraft:stone":30,"minecraft:sugar_cane":5}},"DataVersion":3465}