{"stats":{"minecraft:picked_up":{"minecraft:iron_chestplate":1,"minecraft:crafting_table":8,"minecraft:wheat":32,"minecraft:feather":1,"minecraft:cooked_beef":22,"minecraft:chicken":1,"minecraft:leather":3,"minecraft:oak_log":17,"minecraft:cobblestone_stairs":1,"minecraft:dirt":36,"minecraft:iron_leggings":1,"minecraft:cooked_mutton":2,"minecraft:bone":2,"minecraft:acacia_planks":16,"minecraft:apple":1,"minecraft:wheat_seeds":125,"minecraft:iron_ingot":5,"minecraft:beef":10,"minecraft:sugar_cane":14,"minecraft:oak_planks":16,"minecraft:egg":6,"minecraft:iron_boots":1,"minecraft:furnace":1,"minecraft:stick":4,"minecraft:raw_iron":6,"minecraft:oak_door":1,"minecraft:pumpkin":1,"minecraft:composter":1,"minecraft:torch":14,"minecraft:acacia_log":15,"minecraft:pointed_dripstone":6,"minecraft:white_bed":3,"minecraft:rotten_flesh":2,"minecraft:hay_block":1,"minecraft:iron_helmet":1,"minecraft:bread":64,"minecraft:oak_sapling":12,"minecraft:mutton":2,"minecraft:coal":30,"minecraft:white_wool":9,"minecraft:cobblestone":48},"minecraft:dropped":{"minecraft:oak_door":1,"minecraft:ender_pearl":2,"minecraft:feather":1,"minecraft:rotten_flesh":2,"minecraft:dirt":8,"minecraft:hay_block":1,"minecraft:beef":5,"minecraft:bone":2},"minecraft:mined":{"minecraft:acacia_leaves":6,"minecraft:white_bed":3,"minecraft:oak_sapling":1,"minecraft:cobblestone_stairs":1,"minecraft:crafting_table":8,"minecraft:torch":4,"minecraft:acacia_log":15,"minecraft:grass_block":13,"minecraft:tall_grass":43,"minecraft:cobblestone":18,"minecraft:composter":1,"minecraft:sugar_cane":5,"minecraft:oak_planks":1,"minecraft:wall_torch":4,"minecraft:furnace":1,"minecraft:iron_ore":6,"minecraft:wheat":47,"minecraft:pumpkin":1,"minecraft:grass":289,"minecraft:oak_log":17,"minecraft:pointed_dripstone":6,"minecraft:coal_ore":27,"minecraft:dirt":23,"minecraft:stone":30,"minecraft:oak_leaves":6},"minecraft:killed":{"minecraft:spider":1,"minecraft:skeleton":2,"minecraft:sheep":3,"minecraft:chicken":1,"minecraft:cow":4},"minecraft:custom":{"minecraft:interact_with_furnace":6,"minecraft:mob_kills":11,"minecraft:interact_with_crafting_table":22,"minecraft:leave_game":5,"minecraft:time_since_death":153209,"minecraft:sleep_in_bed":7,"minecraft:time_since_rest":15359,"minecraft:sprint_one_cm":323113,"minecraft:damage_taken":1205,"minecraft:walk_one_cm":385899,"minecraft:drop":13,"minecraft:damage_dealt":1482,"minecraft:swim_one_cm":10414,"minecraft:talked_to_villager":1,"minecraft:fly_one_cm":113011,"minecraft:open_chest":12,"minecraft:crouch_one_cm":9470,"minecraft:play_time":153209,"minecraft:sneak_time":25900,"minecraft:walk_under_water_one_cm":12983,"minecraft:jump":1136,"minecraft:interact_with_blast_furnace":7,"minecraft:walk_on_water_one_cm":42206,"minecraft:total_world_time":153209,"minecraft:interact_with_smoker":2,"minecraft:fall_one_cm":19179},"minecraft:used":{"minecraft:cooked_mutton":2,"minecraft:water_bucket":1,"minecraft:cobblestone_stairs":5,"minecraft:stone_pickaxe":33,"minecraft:oak_planks":44,"minecraft:ender_pearl":1,"minecraft:chest":1,"minecraft:wooden_pickaxe":60,"minecraft:iron_sword":13,"minecraft:composter":1,"minecraft:oak_door":2,"minecraft:torch":10,"minecraft:dirt":18,"minecraft:mutton":2,"minecraft:crafting_table":10,"minecraft:white_bed":5,"minecraft:campfire":1,"minecraft:smoker":1,"minecraft:wooden_axe":147,"minecraft:lava_bucket":1,"minecraft:acacia_sign":3,"minecraft:bread":13,"minecraft:stone_axe":39,"minecraft:cobblestone":17,"minecraft:beef":5,"minecraft:oak_sapling":12,"minecraft:furnace":2,"minecraft:bucket":2,"minecraft:egg":1,"minecraft:cooked_beef":6,"minecraft:acacia_planks":8},"minecraft:broken":{"minecraft:wooden_axe":1},"minecraft:crafted":{"minecraft:oak_door":3,"minecraft:oak_planks":40,"minecraft:crafting_table":2,"minecraft:wooden_pickaxe":1,"minecraft:iron_sword":1,"minecraft:furnace":2,"minecraft:cobblestone_stairs":4,"minecraft:bucket":2,"minecraft:campfire":1,"minecraft:stone_axe":1,"minecraft:wooden_hoe":1,"minecraft:acacia_sign":3,"minecraft:shield":1,"minecraft:stick":24,"minecraft:iron_ingot":6,"minecraft:stone_pickaxe":2,"minecraft:wooden_axe":1,"minecraft:chest":1,"minecraft:white_bed":2,"minecraft:acacia_planks":60,"minecraft:torch":4,"minecraft:smoker":1}},"DataVersion":3465}