{"stats":{"minecraft:picked_up":{"minecraft:stripped_oak_log":1,"minecraft:lilac":1,"minecraft:iron_chestplate":1,"minecraft:crafting_table":8,"minecraft:wheat":32,"minecraft:feather":1,"minecraft:cooked_beef":22,"minecraft:chicken":1,"minecraft:leather":3,"minecraft:oak_log":53,"minecraft:cobblestone_stairs":1,"minecraft:dirt":36,"minecraft:iron_leggings":1,"minecraft:cooked_mutton":2,"minecraft:bone":3,"minecraft:acacia_planks":16,"minecraft:apple":1,"minecraft:wheat_seeds":129,"minecraft:stone_pickaxe":1,"minecraft:iron_ingot":5,"minecraft:beef":10,"minecraft:sugar_cane":14,"minecraft:oak_planks":16,"minecraft:furnace":1,"minecraft:iron_boots":1,"minecraft:egg":6,"minecraft:stick":5,"minecraft:raw_iron":6,"minecraft:oak_door":1,"minecraft:pumpkin":1,"minecraft:composter":1,"minecraft:torch":14,"minecraft:acacia_log":15,"minecraft:pointed_dripstone":6,"minecraft:white_bed":3,"minecraft:arrow":2,"minecraft:rotten_flesh":3,"minecraft:hay_block":1,"minecraft:iron_helmet":1,"minecraft:bread":64,"minecraft:oak_sapling":16,"minecraft:mutton":2,"minecraft:coal":30,"minecraft:white_wool":9,"minecraft:cobblestone":68},"minecraft:dropped":{"minecraft:oak_door":1,"minecraft:ender_pearl":2,"minecraft:feather":1,"minecraft:rotten_flesh":2,"minecraft:dirt":8,"minecraft:hay_block":1,"minecraft:stone_pickaxe":1,"minecraft:beef":5,"minecraft:bone":2},"minecraft:mined":{"minecraft:acacia_leaves":6,"minecraft:white_bed":3,"minecraft:oak_sapling":1,"minecraft:cobblestone_stairs":1,"minecraft:crafting_table":8,"minecraft:torch":4,"minecraft:acacia_log":15,"minecraft:grass_block":13,"minecraft:tall_grass":48,"minecraft:cobblestone":43,"minecraft:composter":1,"minecraft:sugar_cane":5,"minecraft:oak_planks":1,"minecraft:wall_torch":4,"minecraft:furnace":1,"minecraft:iron_ore":6,"minecraft:wheat":47,"minecraft:lilac":1,"minecraft:pumpkin":1,"minecraft:grass":314,"minecraft:oak_log":53,"minecraft:pointed_dripstone":6,"minecraft:coal_ore":27,"minecraft:stripped_oak_log":1,"minecraft:dirt":23,"minecraft:stone":30,"minecraft:oak_leaves":21},"minecraft:killed":{"minecraft:zombie_villager":1,"minecraft:spider":1,"minecraft:skeleton":3,"minecraft:sheep":3,"minecraft:chicken":1,"minecraft:cow":4},"minecraft:custom":{"minecraft:interact_with_furnace":6,"minecraft:mob_kills":13,"minecraft:interact_with_crafting_table":24,"minecraft:leave_game":8,"minecraft:time_since_death":165893,"minecraft:sleep_in_bed":9,"minecraft:time_since_rest":2000,"minecraft:sprint_one_cm":351995,"minecraft:damage_taken":1287,"minecraft:walk_one_cm":439871,"minecraft:drop":14,"minecraft:damage_dealt":1722,"minecraft:swim_one_cm":13359,"minecraft:talked_to_villager":1,"minecraft:fly_one_cm":129861,"minecraft:open_chest":18,"minecraft:crouch_one_cm":9470,"minecraft:play_time":165893,"minecraft:sneak_time":25900,"minecraft:walk_under_water_one_cm":13117,"minecraft:jump":1254,"minecraft:interact_with_blast_furnace":7,"minecraft:walk_on_water_one_cm":47204,"minecraft:total_world_time":165893,"minecraft:interact_with_smoker":3,"minecraft:fall_one_cm":20642},"minecraft:used":{"minecraft:cooked_mutton":2,"minecraft:water_bucket":1,"minecraft:cobblestone_stairs":5,"minecraft:stone_pickaxe":59,"minecraft:oak_planks":44,"minecraft:ender_pearl":1,"minecraft:chest":1,"minecraft:wooden_pickaxe":60,"minecraft:iron_sword":17,"minecraft:composter":1,"minecraft:oak_door":2,"minecraft:torch":10,"minecraft:dirt":18,"minecraft:mutton":2,"minecraft:crafting_table":10,"minecraft:white_bed":5,"minecraft:campfire":1,"minecraft:smoker":1,"minecraft:wooden_axe":147,"minecraft:lava_bucket":1,"minecraft:acacia_sign":3,"minecraft:bread":13,"minecraft:stone_axe":123,"minecraft:cobblestone":17,"minecraft:beef":5,"minecraft:oak_sapling":12,"minecraft:furnace":2,"minecraft:bucket":2,"minecraft:egg":1,"minecraft:cooked_beef":6,"minecraft:acacia_planks":8},"minecraft:broken":{"minecraft:wooden_axe":1},"minecraft:crafted":{"minecraft:oak_door":3,"minecraft:oak_planks":40,"minecraft:crafting_table":2,"minecraft:wooden_pickaxe":1,"minecraft:iron_sword":1,"minecraft:furnace":2,"minecraft:cobblestone_stairs":4,"minecraft:bucket":2,"minecraft:campfire":1,"minecraft:stone_axe":1,"minecraft:wooden_hoe":1,"minecraft:acacia_sign":3,"minecraft:shield":1,"minecraft:stick":24,"minecraft:iron_ingot":6,"minecraft:stone_pickaxe":2,"minecraft:wooden_axe":1,"minecraft:chest":1,"minecraft:white_bed":2,"minecraft:acacia_planks":60,"minecraft:torch":4,"minecraft:smoker":1}},"DataVersion":3465}