{"stats":{"minecraft:crafted":{"minecraft:wooden_hoe":1,"minecraft:crafting_table":1,"minecraft:stick":24,"minecraft:wooden_pickaxe":1,"minecraft:wooden_axe":1,"minecraft:acacia_planks":48,"minecraft:torch":4},"minecraft:picked_up":{"minecraft:crafting_table":2,"minecraft:pumpkin":1,"minecraft:leather":1,"minecraft:acacia_log":12,"minecraft:dirt":11,"minecraft:wheat_seeds":2,"minecraft:beef":5,"minecraft:sugar_cane":14,"minecraft:mutton":2,"minecraft:coal":27,"minecraft:white_wool":2,"minecraft:cobblestone":5,"minecraft:egg":1},"minecraft:killed":{"minecraft:sheep":2,"minecraft:cow":2},"minecraft:custom":{"minecraft:time_since_rest":15752,"minecraft:sprint_one_cm":37230,"minecraft:damage_taken":180,"minecraft:walk_one_cm":56895,"minecraft:mob_kills":4,"minecraft:damage_dealt":402,"minecraft:interact_with_crafting_table":2,"minecraft:fly_one_cm":7447,"minecraft:play_time":15752,"minecraft:jump":116,"minecraft:walk_on_water_one_cm":4033,"minecraft:time_since_death":15752,"minecraft:total_world_time":15752,"minecraft:fall_one_cm":1336},"minecraft:used":{"minecraft:wooden_axe":56,"minecraft:wooden_pickaxe":33,"minecraft:dirt":4,"minecraft:crafting_table":2},"minecraft:mined":{"minecraft:acacia_leaves":6,"minecraft:pumpkin":1,"minecraft:crafting_table":2,"minecraft:grass":31,"minecraft:acacia_log":13,"minecraft:grass_block":1,"minecraft:coal_ore":27,"minecraft:dirt":10,"minecraft:tall_grass":11,"minecraft:stone":5,"minecraft:sugar_cane":5}},"DataVersion":3465}