{"stats":{"minecraft:broken":{"minecraft:wooden_axe":1},"minecraft:dropped":{"minecraft:ender_pearl":2,"minecraft:rotten_flesh":2,"minecraft:hay_block":1,"minecraft:bone":2},"minecraft:crafted":{"minecraft:crafting_table":2,"minecraft:wooden_pickaxe":1,"minecraft:furnace":2,"minecraft:campfire":1,"minecraft:wooden_hoe":1,"minecraft:stick":24,"minecraft:stone_pickaxe":1,"minecraft:wooden_axe":1,"minecraft:white_bed":2,"minecraft:acacia_planks":60,"minecraft:torch":4,"minecraft:smoker":1},"minecraft:picked_up":{"minecraft:crafting_table":5,"minecraft:wheat":32,"minecraft:feather":1,"minecraft:chicken":1,"minecraft:leather":3,"minecraft:oak_log":8,"minecraft:dirt":22,"minecraft:cooked_mutton":2,"minecraft:bone":2,"minecraft:wheat_seeds":112,"minecraft:beef":10,"minecraft:sugar_cane":14,"minecraft:oak_planks":4,"minecraft:egg":5,"minecraft:pumpkin":1,"minecraft:composter":1,"minecraft:torch":3,"minecraft:acacia_log":15,"minecraft:white_bed":1,"minecraft:rotten_flesh":2,"minecraft:hay_block":1,"minecraft:bread":64,"minecraft:cobblestone":30,"minecraft:mutton":2,"minecraft:coal":30,"minecraft:white_wool":9},"minecraft:killed":{"minecraft:sheep":2,"minecraft:chicken":1,"minecraft:cow":4},"minecraft:custom":{"minecraft:interact_with_furnace":1,"minecraft:mob_kills":7,"minecraft:interact_with_crafting_table":8,"minecraft:leave_game":2,"minecraft:time_since_death":82785,"minecraft:sleep_in_bed":2,"minecraft:time_since_rest":3476,"minecraft:sprint_one_cm":168806,"minecraft:damage_taken":492,"minecraft:walk_one_cm":214468,"minecraft:drop":5,"minecraft:damage_dealt":814,"minecraft:swim_one_cm":6285,"minecraft:talked_to_villager":1,"minecraft:fly_one_cm":40177,"minecraft:open_chest":1,"minecraft:crouch_one_cm":1662,"minecraft:play_time":82785,"minecraft:sneak_time":22202,"minecraft:walk_under_water_one_cm":6498,"minecraft:jump":572,"minecraft:walk_on_water_one_cm":29220,"minecraft:total_world_time":82785,"minecraft:fall_one_cm":8809},"minecraft:used":{"minecraft:cooked_mutton":2,"minecraft:ender_pearl":1,"minecraft:wooden_pickaxe":58,"minecraft:dirt":14,"minecraft:mutton":2,"minecraft:crafting_table":6,"minecraft:white_bed":2,"minecraft:wooden_axe":147,"minecraft:bread":6,"minecraft:beef":5,"minecraft:egg":1},"minecraft:mined":{"minecraft:acacia_leaves":6,"minecraft:white_bed":1,"minecraft:crafting_table":5,"minecraft:acacia_log":15,"minecraft:grass_block":3,"minecraft:tall_grass":25,"minecraft:sugar_cane":5,"minecraft:composter":1,"minecraft:wall_torch":3,"minecraft:wheat":47,"minecraft:pumpkin":1,"minecraft:grass":177,"minecraft:coal_ore":27,"minecraft:oak_log":8,"minecraft:dirt":19,"minecraft:stone":30,"minecraft:oak_leaves":1}},"DataVersion":3465}