{"stats":{"minecraft:dropped":{"minecraft:wheat_seeds":1,"minecraft:ender_pearl":2,"minecraft:feather":1,"minecraft:dirt":8,"minecraft:dandelion":1,"minecraft:bone":2,"minecraft:oak_door":1,"minecraft:rotten_flesh":2,"minecraft:hay_block":1,"minecraft:beef":5,"minecraft:stone_pickaxe":1,"minecraft:egg":1},"minecraft:picked_up":{"minecraft:crafting_table":10,"minecraft:iron_chestplate":1,"minecraft:wheat":32,"minecraft:chicken":1,"minecraft:string":1,"minecraft:iron_leggings":1,"minecraft:beef":10,"minecraft:sugar_cane":14,"minecraft:egg":7,"minecraft:iron_boots":1,"minecraft:furnace":3,"minecraft:stick":27,"minecraft:raw_iron":6,"minecraft:oak_door":1,"minecraft:composter":1,"minecraft:torch":14,"minecraft:acacia_log":15,"minecraft:pointed_dripstone":6,"minecraft:tnt":2,"minecraft:arrow":2,"minecraft:rotten_flesh":3,"minecraft:hay_block":1,"minecraft:mutton":2,"minecraft:cobblestone":138,"minecraft:white_wool":9,"minecraft:stripped_oak_log":1,"minecraft:birch_log":10,"minecraft:lilac":1,"minecraft:feather":1,"minecraft:cooked_beef":22,"minecraft:leather":3,"minecraft:smoker":1,"minecraft:oak_log":94,"minecraft:cobblestone_stairs":1,"minecraft:dirt":50,"minecraft:cooked_mutton":2,"minecraft:bone":3,"minecraft:acacia_planks":18,"minecraft:apple":7,"minecraft:wheat_seeds":139,"minecraft:stone_pickaxe":1,"minecraft:iron_ingot":5,"minecraft:oak_planks":20,"minecraft:pumpkin":1,"minecraft:dandelion":1,"minecraft:white_bed":4,"minecraft:spider_eye":1,"minecraft:iron_helmet":1,"minecraft:bread":64,"minecraft:oak_sapling":36,"minecraft:coal":30},"minecraft:mined":{"minecraft:white_bed":4,"minecraft:oak_sapling":1,"minecraft:cobblestone_stairs":1,"minecraft:acacia_log":15,"minecraft:grass_block":15,"minecraft:composter":1,"minecraft:furnace":3,"minecraft:iron_ore":6,"minecraft:pumpkin":1,"minecraft:pointed_dripstone":6,"minecraft:stripped_oak_log":1,"minecraft:stone":72,"minecraft:acacia_leaves":6,"minecraft:smoker":1,"minecraft:dandelion":1,"minecraft:crafting_table":10,"minecraft:torch":4,"minecraft:tall_grass":58,"minecraft:cobblestone":73,"minecraft:sugar_cane":5,"minecraft:oak_planks":5,"minecraft:wall_torch":4,"minecraft:birch_log":11,"minecraft:wheat":47,"minecraft:lilac":1,"minecraft:birch_leaves":2,"minecraft:tnt":2,"minecraft:grass":403,"minecraft:oak_log":94,"minecraft:coal_ore":27,"minecraft:dirt":36,"minecraft:acacia_planks":2,"minecraft:oak_leaves":34},"minecraft:killed_by":{"minecraft:creeper":1,"minecraft:zombie":2},"minecraft:killed":{"minecraft:spider":2,"minecraft:skeleton":3,"minecraft:chicken":1,"minecraft:pig":1,"minecraft:zombie_villager":1,"minecraft:sheep":3,"minecraft:zombie":5,"minecraft:cow":4},"minecraft:custom":{"minecraft:mob_kills":20,"minecraft:interact_with_crafting_table":31,"minecraft:leave_game":9,"minecraft:time_since_death":72258,"minecraft:sprint_one_cm":608428,"minecraft:walk_one_cm":657536,"minecraft:damage_blocked_by_shield":330,"minecraft:drop":17,"minecraft:talked_to_villager":1,"minecraft:play_time":281860,"minecraft:deaths":3,"minecraft:sneak_time":26836,"minecraft:walk_under_water_one_cm":17117,"minecraft:jump":1997,"minecraft:interact_with_blast_furnace":7,"minecraft:walk_on_water_one_cm":70606,"minecraft:total_world_time":281860,"minecraft:interact_with_furnace":6,"minecraft:sleep_in_bed":12,"minecraft:time_since_rest":1957,"minecraft:damage_taken":2283,"minecraft:damage_dealt":3435,"minecraft:swim_one_cm":39172,"minecraft:fly_one_cm":394227,"minecraft:open_chest":51,"minecraft:crouch_one_cm":10540,"minecraft:interact_with_smoker":5,"minecraft:fall_one_cm":32297},"minecraft:used":{"minecraft:chest":8,"minecraft:shield":10,"minecraft:iron_sword":24,"minecraft:oak_door":2,"minecraft:torch":10,"minecraft:dirt":31,"minecraft:anvil":5,"minecraft:mutton":2,"minecraft:wooden_axe":177,"minecraft:lava_bucket":1,"minecraft:iron_axe":38,"minecraft:beef":5,"minecraft:furnace":6,"minecraft:oak_sapling":12,"minecraft:egg":1,"minecraft:cooked_beef":8,"minecraft:acacia_planks":8,"minecraft:observer":1,"minecraft:cooked_mutton":2,"minecraft:water_bucket":1,"minecraft:cobblestone_stairs":5,"minecraft:stone_pickaxe":92,"minecraft:oak_planks":251,"minecraft:ender_pearl":1,"minecraft:wooden_pickaxe":110,"minecraft:composter":1,"minecraft:tnt":34,"minecraft:crafting_table":11,"minecraft:blast_furnace":10,"minecraft:campfire":1,"minecraft:white_bed":6,"minecraft:smoker":6,"minecraft:acacia_sign":3,"minecraft:bread":20,"minecraft:oak_pressure_plate":2,"minecraft:diamond_ore":1,"minecraft:stone_axe":175,"minecraft:cobblestone":17,"minecraft:bucket":2},"minecraft:broken":{"minecraft:stone_axe":1,"minecraft:wooden_axe":1},"minecraft:crafted":{"minecraft:oak_door":3,"minecraft:oak_planks":328,"minecraft:oak_pressure_plate":2,"minecraft:furnace":8,"minecraft:cobblestone_stairs":4,"minecraft:stone_pickaxe":2,"minecraft:chest":6,"minecraft:smoker":5,"minecraft:crafting_table":2,"minecraft:wooden_pickaxe":2,"minecraft:iron_sword":1,"minecraft:bucket":2,"minecraft:campfire":1,"minecraft:stone_axe":1,"minecraft:wooden_hoe":1,"minecraft:acacia_sign":3,"minecraft:shield":1,"minecraft:stick":28,"minecraft:iron_ingot":6,"minecraft:wooden_axe":2,"minecraft:white_bed":2,"minecraft:acacia_planks":60,"minecraft:torch":4}},"DataVersion":3465}