{"stats":{"minecraft:broken":{"minecraft:wooden_axe":1},"minecraft:dropped":{"minecraft:hay_block":1,"minecraft:rotten_flesh":2},"minecraft:crafted":{"minecraft:wooden_hoe":1,"minecraft:crafting_table":2,"minecraft:stick":24,"minecraft:wooden_pickaxe":1,"minecraft:stone_pickaxe":1,"minecraft:wooden_axe":1,"minecraft:furnace":2,"minecraft:white_bed":2,"minecraft:acacia_planks":60,"minecraft:torch":4,"minecraft:campfire":1,"minecraft:smoker":1},"minecraft:picked_up":{"minecraft:wheat":32,"minecraft:chicken":1,"minecraft:crafting_table":4,"minecraft:feather":1,"minecraft:pumpkin":1,"minecraft:composter":1,"minecraft:leather":3,"minecraft:torch":3,"minecraft:acacia_log":15,"minecraft:oak_log":8,"minecraft:dirt":22,"minecraft:cooked_mutton":2,"minecraft:rotten_flesh":2,"minecraft:wheat_seeds":112,"minecraft:hay_block":1,"minecraft:beef":10,"minecraft:bread":64,"minecraft:sugar_cane":14,"minecraft:mutton":2,"minecraft:coal":30,"minecraft:white_wool":9,"minecraft:cobblestone":30,"minecraft:egg":5},"minecraft:killed":{"minecraft:sheep":2,"minecraft:chicken":1,"minecraft:cow":4},"minecraft:custom":{"minecraft:time_since_rest":0,"minecraft:interact_with_furnace":1,"minecraft:sprint_one_cm":164787,"minecraft:damage_taken":492,"minecraft:walk_one_cm":206350,"minecraft:mob_kills":7,"minecraft:drop":2,"minecraft:damage_dealt":814,"minecraft:talked_to_villager":1,"minecraft:swim_one_cm":6285,"minecraft:interact_with_crafting_table":8,"minecraft:fly_one_cm":39473,"minecraft:open_chest":1,"minecraft:crouch_one_cm":1161,"minecraft:play_time":77240,"minecraft:sneak_time":22089,"minecraft:walk_under_water_one_cm":4914,"minecraft:jump":534,"minecraft:leave_game":1,"minecraft:time_since_death":77240,"minecraft:walk_on_water_one_cm":23542,"minecraft:sleep_in_bed":2,"minecraft:total_world_time":77240,"minecraft:fall_one_cm":8809},"minecraft:used":{"minecraft:cooked_mutton":2,"minecraft:wooden_axe":147,"minecraft:bread":3,"minecraft:ender_pearl":1,"minecraft:wooden_pickaxe":58,"minecraft:dirt":14,"minecraft:mutton":2,"minecraft:beef":5,"minecraft:crafting_table":6,"minecraft:white_bed":2,"minecraft:egg":1},"minecraft:mined":{"minecraft:acacia_leaves":6,"minecraft:wheat":47,"minecraft:pumpkin":1,"minecraft:crafting_table":4,"minecraft:grass":177,"minecraft:oak_log":8,"minecraft:acacia_log":15,"minecraft:grass_block":3,"minecraft:coal_ore":27,"minecraft:dirt":19,"minecraft:tall_grass":25,"minecraft:stone":30,"minecraft:composter":1,"minecraft:sugar_cane":5,"minecraft:wall_torch":3,"minecraft:oak_leaves":1}},"DataVersion":3465}