{"stats":{"minecraft:crafted":{"minecraft:oak_planks":24,"minecraft:crafting_table":2,"minecraft:wooden_pickaxe":1,"minecraft:iron_sword":1,"minecraft:furnace":2,"minecraft:bucket":1,"minecraft:campfire":1,"minecraft:stone_axe":1,"minecraft:wooden_hoe":1,"minecraft:acacia_sign":3,"minecraft:shield":1,"minecraft:stick":24,"minecraft:iron_ingot":6,"minecraft:stone_pickaxe":2,"minecraft:wooden_axe":1,"minecraft:white_bed":2,"minecraft:acacia_planks":60,"minecraft:torch":4,"minecraft:smoker":1},"minecraft:broken":{"minecraft:wooden_axe":1},"minecraft:dropped":{"minecraft:ender_pearl":2,"minecraft:feather":1,"minecraft:rotten_flesh":2,"minecraft:dirt":8,"minecraft:hay_block":1,"minecraft:beef":5,"minecraft:bone":2},"minecraft:mined":{"minecraft:acacia_leaves":6,"minecraft:white_bed":3,"minecraft:oak_sapling":1,"minecraft:crafting_table":8,"minecraft:torch":4,"minecraft:acacia_log":15,"minecraft:grass_block":5,"minecraft:tall_grass":36,"minecraft:composter":1,"minecraft:sugar_cane":5,"minecraft:wall_torch":4,"minecraft:furnace":1,"minecraft:iron_ore":6,"minecraft:wheat":47,"minecraft:pumpkin":1,"minecraft:grass":241,"minecraft:pointed_dripstone":6,"minecraft:oak_log":13,"minecraft:coal_ore":27,"minecraft:dirt":19,"minecraft:stone":30,"minecraft:oak_leaves":2},"minecraft:custom":{"minecraft:interact_with_furnace":6,"minecraft:mob_kills":8,"minecraft:interact_with_crafting_table":14,"minecraft:leave_game":3,"minecraft:time_since_death":129714,"minecraft:sleep_in_bed":6,"minecraft:time_since_rest":4842,"minecraft:sprint_one_cm":302421,"minecraft:damage_taken":1128,"minecraft:walk_one_cm":324020,"minecraft:drop":12,"minecraft:damage_dealt":1042,"minecraft:swim_one_cm":10414,"minecraft:talked_to_villager":1,"minecraft:fly_one_cm":96542,"minecraft:open_chest":11,"minecraft:crouch_one_cm":6937,"minecraft:play_time":129714,"minecraft:sneak_time":24808,"minecraft:walk_under_water_one_cm":12983,"minecraft:jump":1006,"minecraft:interact_with_blast_furnace":7,"minecraft:walk_on_water_one_cm":42206,"minecraft:interact_with_smoker":2,"minecraft:total_world_time":129714,"minecraft:fall_one_cm":17656},"minecraft:killed":{"minecraft:skeleton":1,"minecraft:sheep":2,"minecraft:chicken":1,"minecraft:cow":4},"minecraft:picked_up":{"minecraft:iron_chestplate":1,"minecraft:crafting_table":8,"minecraft:wheat":32,"minecraft:feather":1,"minecraft:cooked_beef":22,"minecraft:chicken":1,"minecraft:leather":3,"minecraft:oak_log":13,"minecraft:dirt":24,"minecraft:iron_leggings":1,"minecraft:cooked_mutton":2,"minecraft:bone":2,"minecraft:acacia_planks":16,"minecraft:apple":1,"minecraft:wheat_seeds":120,"minecraft:iron_ingot":5,"minecraft:beef":10,"minecraft:sugar_cane":14,"minecraft:oak_planks":15,"minecraft:furnace":1,"minecraft:iron_boots":1,"minecraft:egg":6,"minecraft:stick":4,"minecraft:raw_iron":6,"minecraft:pumpkin":1,"minecraft:composter":1,"minecraft:torch":14,"minecraft:acacia_log":15,"minecraft:pointed_dripstone":6,"minecraft:white_bed":3,"minecraft:rotten_flesh":2,"minecraft:iron_helmet":1,"minecraft:hay_block":1,"minecraft:bread":64,"minecraft:oak_sapling":12,"minecraft:cobblestone":33,"minecraft:mutton":2,"minecraft:coal":30,"minecraft:white_wool":9},"minecraft:used":{"minecraft:cooked_mutton":2,"minecraft:stone_pickaxe":14,"minecraft:ender_pearl":1,"minecraft:wooden_pickaxe":60,"minecraft:iron_sword":9,"minecraft:torch":8,"minecraft:dirt":14,"minecraft:mutton":2,"minecraft:crafting_table":10,"minecraft:campfire":1,"minecraft:white_bed":4,"minecraft:wooden_axe":147,"minecraft:acacia_sign":3,"minecraft:bread":13,"minecraft:stone_axe":9,"minecraft:beef":5,"minecraft:furnace":1,"minecraft:oak_sapling":12,"minecraft:bucket":1,"minecraft:egg":1,"minecraft:cooked_beef":4}},"DataVersion":3465}