{"stats":{"minecraft:crafted":{"minecraft:wooden_hoe":1,"minecraft:crafting_table":1,"minecraft:stick":24,"minecraft:wooden_pickaxe":1,"minecraft:wooden_axe":1,"minecraft:acacia_planks":48,"minecraft:torch":4},"minecraft:picked_up":{"minecraft:crafting_table":3,"minecraft:pumpkin":1,"minecraft:leather":1,"minecraft:acacia_log":13,"minecraft:dirt":11,"minecraft:cooked_mutton":2,"minecraft:wheat_seeds":4,"minecraft:beef":5,"minecraft:sugar_cane":14,"minecraft:mutton":2,"minecraft:coal":30,"minecraft:white_wool":2,"minecraft:cobblestone":30,"minecraft:egg":1},"minecraft:killed":{"minecraft:sheep":2,"minecraft:cow":2},"minecraft:custom":{"minecraft:time_since_rest":26278,"minecraft:interact_with_furnace":1,"minecraft:sprint_one_cm":97093,"minecraft:damage_taken":262,"minecraft:walk_one_cm":85376,"minecraft:mob_kills":4,"minecraft:damage_dealt":412,"minecraft:swim_one_cm":3575,"minecraft:interact_with_crafting_table":3,"minecraft:fly_one_cm":22109,"minecraft:crouch_one_cm":197,"minecraft:play_time":26278,"minecraft:sneak_time":257,"minecraft:walk_under_water_one_cm":2674,"minecraft:jump":217,"minecraft:leave_game":1,"minecraft:walk_on_water_one_cm":8652,"minecraft:time_since_death":26278,"minecraft:total_world_time":26278,"minecraft:fall_one_cm":2917},"minecraft:used":{"minecraft:cooked_mutton":2,"minecraft:wooden_axe":58,"minecraft:wooden_pickaxe":58,"minecraft:dirt":4,"minecraft:mutton":2,"minecraft:crafting_table":3,"minecraft:egg":1},"minecraft:mined":{"minecraft:acacia_leaves":6,"minecraft:pumpkin":1,"minecraft:crafting_table":3,"minecraft:grass":61,"minecraft:acacia_log":13,"minecraft:grass_block":1,"minecraft:coal_ore":27,"minecraft:dirt":10,"minecraft:tall_grass":13,"minecraft:stone":30,"minecraft:sugar_cane":5}},"DataVersion":3465}