{"stats":{"minecraft:crafted":{"minecraft:crafting_table":2,"minecraft:wooden_pickaxe":1,"minecraft:furnace":2,"minecraft:campfire":1,"minecraft:wooden_hoe":1,"minecraft:acacia_sign":3,"minecraft:stick":24,"minecraft:stone_pickaxe":1,"minecraft:wooden_axe":1,"minecraft:white_bed":2,"minecraft:acacia_planks":60,"minecraft:torch":4,"minecraft:smoker":1},"minecraft:broken":{"minecraft:wooden_axe":1},"minecraft:dropped":{"minecraft:ender_pearl":2,"minecraft:feather":1,"minecraft:rotten_flesh":2,"minecraft:dirt":8,"minecraft:hay_block":1,"minecraft:beef":5,"minecraft:bone":2},"minecraft:mined":{"minecraft:acacia_leaves":6,"minecraft:white_bed":2,"minecraft:oak_sapling":1,"minecraft:crafting_table":5,"minecraft:torch":2,"minecraft:acacia_log":15,"minecraft:grass_block":3,"minecraft:tall_grass":25,"minecraft:composter":1,"minecraft:sugar_cane":5,"minecraft:wall_torch":4,"minecraft:wheat":47,"minecraft:pumpkin":1,"minecraft:grass":181,"minecraft:oak_log":8,"minecraft:coal_ore":27,"minecraft:dirt":19,"minecraft:stone":30,"minecraft:oak_leaves":1},"minecraft:custom":{"minecraft:interact_with_furnace":2,"minecraft:mob_kills":7,"minecraft:interact_with_crafting_table":9,"minecraft:leave_game":3,"minecraft:time_since_death":105714,"minecraft:sleep_in_bed":4,"minecraft:time_since_rest":8099,"minecraft:sprint_one_cm":216852,"minecraft:damage_taken":894,"minecraft:walk_one_cm":268655,"minecraft:drop":12,"minecraft:damage_dealt":832,"minecraft:swim_one_cm":9286,"minecraft:talked_to_villager":1,"minecraft:fly_one_cm":58132,"minecraft:open_chest":11,"minecraft:crouch_one_cm":4961,"minecraft:play_time":105714,"minecraft:sneak_time":22937,"minecraft:walk_under_water_one_cm":9332,"minecraft:jump":744,"minecraft:interact_with_blast_furnace":7,"minecraft:walk_on_water_one_cm":37397,"minecraft:interact_with_smoker":2,"minecraft:total_world_time":105714,"minecraft:fall_one_cm":10627},"minecraft:killed":{"minecraft:sheep":2,"minecraft:chicken":1,"minecraft:cow":4},"minecraft:picked_up":{"minecraft:iron_chestplate":1,"minecraft:crafting_table":5,"minecraft:wheat":32,"minecraft:feather":1,"minecraft:cooked_beef":22,"minecraft:chicken":1,"minecraft:leather":3,"minecraft:oak_log":8,"minecraft:dirt":22,"minecraft:iron_leggings":1,"minecraft:cooked_mutton":2,"minecraft:bone":2,"minecraft:apple":1,"minecraft:wheat_seeds":112,"minecraft:iron_ingot":5,"minecraft:beef":10,"minecraft:sugar_cane":14,"minecraft:oak_planks":15,"minecraft:iron_boots":1,"minecraft:egg":6,"minecraft:stick":2,"minecraft:pumpkin":1,"minecraft:composter":1,"minecraft:torch":12,"minecraft:acacia_log":15,"minecraft:white_bed":2,"minecraft:rotten_flesh":2,"minecraft:iron_helmet":1,"minecraft:hay_block":1,"minecraft:bread":64,"minecraft:oak_sapling":12,"minecraft:cobblestone":33,"minecraft:mutton":2,"minecraft:coal":30,"minecraft:white_wool":9},"minecraft:used":{"minecraft:cooked_mutton":2,"minecraft:ender_pearl":1,"minecraft:wooden_pickaxe":60,"minecraft:torch":5,"minecraft:dirt":14,"minecraft:mutton":2,"minecraft:crafting_table":6,"minecraft:white_bed":3,"minecraft:wooden_axe":147,"minecraft:acacia_sign":3,"minecraft:bread":13,"minecraft:beef":5,"minecraft:oak_sapling":12,"minecraft:egg":1}},"DataVersion":3465}