{
  "dungeons_arise:wda_root": {
    "criteria": {
      "WDA": "2024-09-14 06:00:20 +0000"
    },
    "done": true
  },
  "enchantinginfuser:recipes/decorations/advanced_enchanting_infuser": {
    "criteria": {
      "has_netherite_ingot": "2024-09-14 06:01:22 +0000",
      "has_crying_obsidian": "2024-09-14 06:01:22 +0000"
    },
    "done": true
  },
  "tombstone:adventure/find_easter_egg": {
    "criteria": {
      "coded_trigger": "2024-09-14 06:01:22 +0000"
    },
    "done": true
  },
  "mowziesmobs:root": {
    "criteria": {
      "custom_test_name": "2024-09-14 06:00:20 +0000"
    },
    "done": true
  },
  "tombstone:adventure/root": {
    "criteria": {
      "auto": "2024-09-14 06:00:20 +0000"
    },
    "done": true
  },
  "minecraft:recipes/misc/yellow_dye_from_sunflower": {
    "criteria": {
      "has_double_plant": "2024-09-14 06:01:22 +0000"
    },
    "done": true
  },
  "enchantinginfuser:recipes/decorations/enchanting_infuser": {
    "criteria": {
      "has_amethyst_shard": "2024-09-14 06:01:22 +0000",
      "has_crying_obsidian": "2024-09-14 06:01:22 +0000",
      "has_the_recipe": "2024-09-14 06:01:22 +0000"
    },
    "done": true
  },
  "minecraft:adventure/adventuring_time": {
    "criteria": {
      "minecraft:desert_hills": "2024-09-14 06:24:42 +0000",
      "minecraft:desert": "2024-09-14 06:01:26 +0000",
      "minecraft:river": "2024-09-14 06:25:05 +0000",
      "minecraft:plains": "2024-09-14 06:00:20 +0000"
    },
    "done": false
  },
  "DataVersion": 2586
}